db_id,db_slug,db_url_candidate,db_title,db_status,db_published,exists_in_sitemap,exists_live,live_status_code,canonical,indexable,has_internal_links_in,internal_links_in_count,service_detected,location_detected,recommendation
"d9a1d50e-d183-4fc7-8e0c-82518d118783","portofoliu-evenimente","https://www.kassia.ro/portofoliu-evenimente","Portofoliu Evenimente","inactive",,false,true,200,"https://www.kassia.ro/portofoliu-evenimente/",false,false,0,"","","ADD_TO_SITEMAP"
"f0214b05-38e9-4e6b-a20d-0e62b7141e6f","panou-foto-baloane-majorat-bucuresti","https://www.kassia.ro/panou-foto-baloane-majorat-bucuresti","Panou Foto Majorat cu Baloane București | Kassia Events","inactive",,true,true,200,"https://www.kassia.ro/panou-foto-baloane-majorat-bucuresti/",true,true,2,"","","KEEP_LIVE"
"b4b90809-6b2d-45db-8c56-a7dcff864309","decoratiuni-baloane-corporate-bucuresti","https://www.kassia.ro/decoratiuni-baloane-corporate-bucuresti","Decoratiuni Baloane Corporate Bucuresti","inactive",,true,true,200,"https://www.kassia.ro/decoratiuni-baloane-corporate-bucuresti/",true,true,1302,"","","KEEP_LIVE"
"3824b76d-b6c4-4cc7-af29-f065719cd8ba","animatori-petrecere-5-ani-bucuresti","https://www.kassia.ro/animatori-petrecere-5-ani-bucuresti","Animatori Petreceri Copii animatori petrecere 5 ani bucuresti - Kassia","inactive",,false,true,200,"https://www.kassia.ro/animatori-petrecere-5-ani-bucuresti/",false,false,0,"","","ADD_TO_SITEMAP"
"7d03a4b6-2c13-4130-bf66-305c7586b770","preturi-decoratiuni-baloane","https://www.kassia.ro/preturi-decoratiuni-baloane","Prețuri decorațiuni","inactive",,true,true,200,"https://www.kassia.ro/preturi-decoratiuni-baloane/",true,true,432,"","","KEEP_LIVE"
"dbab7a7c-6718-4c99-990a-5331490937e0","contact","https://www.kassia.ro/contact","Contact","inactive",,true,true,200,"https://www.kassia.ro/contact/",true,true,633,"","","KEEP_LIVE"
"a0894ddc-6848-4f76-b1b4-7e190795c1c9","animatori-petrecere-9-ani-bucuresti","https://www.kassia.ro/animatori-petrecere-9-ani-bucuresti","Animatori Petreceri Copii animatori petrecere 9 ani bucuresti - Kassia","inactive",,false,true,200,"https://www.kassia.ro/animatori-petrecere-9-ani-bucuresti/",false,false,0,"","","ADD_TO_SITEMAP"
"6d71b367-de38-4f9a-a4cb-acdc1df76700","animatori-copii-sector-6","https://www.kassia.ro/animatori-copii-sector-6","Animatori Petreceri Copii animatori copii sector 6 - Kassia","inactive",,false,true,200,"https://www.kassia.ro/animatori-petreceri-copii-sector-6/",true,false,0,"","","ADD_TO_SITEMAP"
"9b3d9d24-9d20-402d-a483-8a32cade2adb","termeni-si-conditii","https://www.kassia.ro/termeni-si-conditii","Termeni Si Conditii","inactive",,false,true,200,"https://www.kassia.ro/termeni-si-conditii/",false,false,0,"","","ADD_TO_SITEMAP"
"62ce077c-2b6d-48ff-acf9-e724016c5861","blog","https://www.kassia.ro/blog","Blog","inactive",,false,true,200,"https://www.kassia.ro/blog/",false,false,0,"","","ADD_TO_SITEMAP"
"4d9b305b-9e8c-48da-9de6-9f80ede18957","politica-cookies","https://www.kassia.ro/politica-cookies","Politica Cookies","inactive",,false,true,200,"https://www.kassia.ro/politica-cookies/",false,false,0,"","","ADD_TO_SITEMAP"
"54661af2-b651-4e06-89df-cc781c421f5e","despre-noi","https://www.kassia.ro/despre-noi","Despre Noi","inactive",,false,true,200,"https://www.kassia.ro/despre-noi/",false,false,0,"","","ADD_TO_SITEMAP"
"0824d247-ed68-4460-ae3e-96db62d36ae4","decoratiuni-baloane-nunta-bucuresti","https://www.kassia.ro/decoratiuni-baloane-nunta-bucuresti","Decorațiuni baloane nuntă București","inactive",,true,true,200,"https://www.kassia.ro/decoratiuni-baloane-nunta-bucuresti/",true,true,1206,"","","KEEP_LIVE"
"dabfacae-71cd-4d9b-9763-5836874c6597","baloane-heliu-bucuresti","https://www.kassia.ro/baloane-heliu-bucuresti","Baloane Heliu Bucuresti","inactive",,true,true,200,"https://www.kassia.ro/baloane-heliu-bucuresti/",true,true,1411,"","","KEEP_LIVE"
"2a48a6d0-6497-45c8-ad62-5a0f5ee78a82","decoratiuni-baloane-botez-bucuresti","https://www.kassia.ro/decoratiuni-baloane-botez-bucuresti","Decoratiuni Baloane Botez Bucuresti","inactive",,true,true,200,"https://www.kassia.ro/decoratiuni-baloane-botez-bucuresti/",true,true,1210,"","","KEEP_LIVE"
"311f8338-0431-46c5-a71a-5479b3de474f","animatori-copii-aviatiei","https://www.kassia.ro/animatori-copii-aviatiei","Animatori Petreceri Copii animatori copii aviatiei - Kassia","inactive",,false,true,200,"https://www.kassia.ro/animatori-copii-aviatiei/",false,false,0,"","","ADD_TO_SITEMAP"
"a782d77c-8781-4e5f-95e7-a315e3127d67","panou-foto-baloane-bucuresti","https://www.kassia.ro/panou-foto-baloane-bucuresti","Panou Foto Baloane Bucuresti","inactive",,true,true,200,"https://www.kassia.ro/panou-foto-baloane-bucuresti/",true,true,1399,"","","KEEP_LIVE"
"5000259c-34c1-4046-886a-d6b002375075","decoratiuni-baloane-bucuresti","https://www.kassia.ro/decoratiuni-baloane-bucuresti","Decorațiuni cu Baloane București și Ilfov | Kassia Events","inactive",,true,true,200,"https://www.kassia.ro/decoratiuni-baloane-bucuresti/",true,true,591,"","","KEEP_LIVE"
"56a61f27-6ee4-4677-8d2a-a476dbf67eee","animatori-copii-dorobanti","https://www.kassia.ro/animatori-copii-dorobanti","Animatori Petreceri Copii animatori copii dorobanti - Kassia","inactive",,false,true,200,"https://www.kassia.ro/animatori-copii-dorobanti/",false,false,0,"","","ADD_TO_SITEMAP"
"dafe687d-a41b-4044-8cfb-f6b23ba7b51c","decoratiuni-baloane-herastrau","https://www.kassia.ro/decoratiuni-baloane-herastrau","Decoratiuni Baloane Herastrau","inactive",,false,true,200,"https://www.kassia.ro/decoratiuni-baloane-herastrau/",false,false,0,"","","ADD_TO_SITEMAP"
"97ecfd69-0f9c-4904-84f5-067aca7d708e","animatori-copii-pipera-bucuresti","https://www.kassia.ro/animatori-copii-pipera-bucuresti","Animatori Petreceri Copii animatori copii pipera bucuresti - Kassia","inactive",,false,true,200,"https://www.kassia.ro/animatori-petreceri-copii-voluntari/",true,false,0,"","","ADD_TO_SITEMAP"
"1be53796-0f81-4ca8-8f3c-9288555b5cd0","baloane-heliu-aniversare-bucuresti","https://www.kassia.ro/baloane-heliu-aniversare-bucuresti","Baloane cu Heliu Aniversare București și Ilfov | Kassia Events","inactive",,true,true,200,"https://www.kassia.ro/baloane-heliu-aniversare-bucuresti/",true,true,3,"","","KEEP_LIVE"
"990f101d-96fc-4b1f-a242-56ac182bb0c6","decoratiuni-baloane-victoriei","https://www.kassia.ro/decoratiuni-baloane-victoriei","Decoratiuni Baloane Victoriei","inactive",,false,true,200,"https://www.kassia.ro/decoratiuni-baloane-victoriei/",false,false,0,"","","ADD_TO_SITEMAP"
"19ecae36-d252-4258-9e65-72560c474708","decoratiuni-baloane-colentina","https://www.kassia.ro/decoratiuni-baloane-colentina","Decoratiuni Baloane Colentina","inactive",,false,true,200,"https://www.kassia.ro/decoratiuni-baloane-colentina/",false,false,0,"","","ADD_TO_SITEMAP"
"fb90b374-cf62-446e-838c-c8c9ea9991b3","decoratiuni-baloane-obor","https://www.kassia.ro/decoratiuni-baloane-obor","Decoratiuni Baloane Obor","inactive",,false,true,200,"https://www.kassia.ro/decoratiuni-baloane-obor/",false,false,0,"","","ADD_TO_SITEMAP"
"159a01b9-3213-476b-8f78-032f4ab024ff","decoratiuni-baloane-tei","https://www.kassia.ro/decoratiuni-baloane-tei","Decoratiuni Baloane Tei","inactive",,false,true,200,"https://www.kassia.ro/decoratiuni-baloane-tei/",false,false,0,"","","ADD_TO_SITEMAP"
"ffc4e35d-461f-4d96-b310-d7ff6821af46","decoratiuni-baloane-giulesti","https://www.kassia.ro/decoratiuni-baloane-giulesti","Decoratiuni Baloane Giulesti","inactive",,false,true,200,"https://www.kassia.ro/decoratiuni-baloane-giulesti/",false,false,0,"","","ADD_TO_SITEMAP"
"45b1f2be-5d3b-488c-8236-4f9f531934aa","decoratiuni-baloane-tineretului","https://www.kassia.ro/decoratiuni-baloane-tineretului","Decoratiuni Baloane Tineretului","inactive",,false,true,200,"https://www.kassia.ro/decoratiuni-baloane-tineretului/",false,false,0,"","","ADD_TO_SITEMAP"
"4ef2e77e-3778-46d9-a271-0ffc2b031ae9","decoratiuni-baloane-tunari","https://www.kassia.ro/decoratiuni-baloane-tunari","Decoratiuni Baloane Tunari","inactive",,false,true,200,"https://www.kassia.ro/decoratiuni-baloane-tunari/",false,false,0,"","","ADD_TO_SITEMAP"
"160e370f-0540-4501-b50f-62f88b6c8e83","animatori-petreceri-copii-bucuresti","https://www.kassia.ro/animatori-petreceri-copii-bucuresti","Animatori petreceri copii București și Ilfov | Jocuri, mascote și activități","inactive",,false,true,200,"https://www.kassia.ro/animatori-petreceri-copii/",true,false,0,"","","ADD_TO_SITEMAP"
"816d6825-8f78-4871-a5c1-1b6ae53255a8","arcada-baloane-bucuresti","https://www.kassia.ro/arcada-baloane-bucuresti","Arcada Baloane Bucuresti","inactive",,true,true,200,"https://www.kassia.ro/arcada-baloane-bucuresti/",true,true,1409,"","","KEEP_LIVE"
"302ecd22-67c2-425f-a184-d49e126b4a6d","animatori-petreceri-copii-ilfov","https://www.kassia.ro/animatori-petreceri-copii-ilfov","Animatori Petreceri Copii animatori petreceri copii ilfov - Kassia","inactive",,false,true,200,"https://www.kassia.ro/animatori-petreceri-copii-ilfov/",false,false,0,"","","ADD_TO_SITEMAP"
"173c35d7-6109-49aa-9c7d-a5560c268cd1","decoratiuni-baloane-majorat-bucuresti","https://www.kassia.ro/decoratiuni-baloane-majorat-bucuresti","Decoratiuni Baloane Majorat Bucuresti","inactive",,true,true,200,"https://www.kassia.ro/decoratiuni-baloane-majorat-bucuresti/",true,true,823,"","","KEEP_LIVE"
"46a20540-c418-4e3a-a33b-a4dd793c8ec1","animatori-gradinita-bucuresti","https://www.kassia.ro/animatori-gradinita-bucuresti","Animatori grădiniță București | Activități copii | Kassia","inactive",,true,true,200,"https://www.kassia.ro/animatori-gradinita-bucuresti/",true,false,0,"","","IMPROVE_LIVE"
"411ed8e1-1a41-4756-925b-61ef0eeacf4c","decoratiuni-baloane-turta-bucuresti","https://www.kassia.ro/decoratiuni-baloane-turta-bucuresti","Decoratiuni Baloane Turta Bucuresti","inactive",,false,true,200,"https://www.kassia.ro/decoratiuni-baloane-turta-bucuresti/",false,true,96,"","","ADD_TO_SITEMAP"
"9bc61400-1ffe-4085-8454-0b2658e9dea3","home","https://www.kassia.ro/home","Homepage","inactive",,false,false,404,"https://www.kassia.ro/404/",false,false,0,"","","DO_NOT_TOUCH"
"a2070702-00fa-44b9-9149-00d3858bd92c","decoratiuni-baloane-8-martie-bucuresti","https://www.kassia.ro/decoratiuni-baloane-8-martie-bucuresti","Decoratiuni Baloane 8 Martie Bucuresti","inactive",,false,true,200,"https://www.kassia.ro/decoratiuni-baloane-8-martie-bucuresti/",false,true,1,"","","ADD_TO_SITEMAP"
"cb6aa0a7-8e40-462e-bf08-96e7fc9c05b1","decoratiuni-baloane-cununie-bucuresti","https://www.kassia.ro/decoratiuni-baloane-cununie-bucuresti","Decoratiuni Baloane Cununie Bucuresti","inactive",,false,true,200,"https://www.kassia.ro/decoratiuni-baloane-cununie-bucuresti/",false,true,1,"","","ADD_TO_SITEMAP"
"c432084e-1b92-45d9-8a3e-625e8d7514c5","cat-costa-un-decor-de-baloane-pentru-nunta","https://www.kassia.ro/cat-costa-un-decor-de-baloane-pentru-nunta","Cât costă decor baloane nuntă?","inactive",,false,false,404,"https://www.kassia.ro/404/",false,false,0,"","","DO_NOT_TOUCH"
"2e8e88e5-79db-42ee-91a1-f86003c13cb1","ce-include-un-pachet-decor-baloane","https://www.kassia.ro/ce-include-un-pachet-decor-baloane","Ce include un pachet decor baloane?","inactive",,false,false,404,"https://www.kassia.ro/404/",false,false,0,"","","DO_NOT_TOUCH"
"907f8ce1-efbe-4a3e-88f8-cb04aea98640","cum-alegi-pachetul-de-decoratiuni-baloane","https://www.kassia.ro/cum-alegi-pachetul-de-decoratiuni-baloane","Cum alegi pachetul de decorațiuni baloane?","inactive",,false,false,404,"https://www.kassia.ro/404/",false,false,0,"","","DO_NOT_TOUCH"
"d723d16f-c8f2-4ab5-8166-4af3ce94a19b","cum-alegi-arcada-de-baloane","https://www.kassia.ro/cum-alegi-arcada-de-baloane","Cum alegi arcada de baloane?","inactive",,false,false,404,"https://www.kassia.ro/404/",false,false,0,"","","DO_NOT_TOUCH"
"b7c8841b-96c5-4213-8b02-d9add488b8c4","animatori-cu-concursuri-copii-bucuresti","https://www.kassia.ro/animatori-cu-concursuri-copii-bucuresti","Animatori Petreceri Copii animatori cu concursuri copii bucuresti - Kassia","inactive",,false,true,200,"https://www.kassia.ro/animatori-cu-concursuri-copii-bucuresti/",false,false,0,"","","ADD_TO_SITEMAP"
"4f3aaac4-e7c9-4073-b162-c1930f0789cf","animator-copii-1-ora-bucuresti","https://www.kassia.ro/animator-copii-1-ora-bucuresti","Animatori Petreceri Copii animator copii 1 ora bucuresti - Kassia","inactive",,false,true,200,"https://www.kassia.ro/animator-copii-1-ora-bucuresti/",false,false,0,"","","ADD_TO_SITEMAP"
"c5b61c9d-6d7b-4dba-a245-c9a0058e8881","ateliere-creative-copii-bucuresti","https://www.kassia.ro/ateliere-creative-copii-bucuresti","Animatori Petreceri Copii ateliere creative copii bucuresti - Kassia","inactive",,false,true,200,"https://www.kassia.ro/ateliere-creative-copii-bucuresti/",false,true,2,"","","ADD_TO_SITEMAP"
"75936d5a-dc9f-415f-8ffd-c4c6fdc02eec","animator-copii-2-ore-bucuresti","https://www.kassia.ro/animator-copii-2-ore-bucuresti","Animatori Petreceri Copii animator copii 2 ore bucuresti - Kassia","inactive",,false,true,200,"https://www.kassia.ro/animator-copii-2-ore-bucuresti/",false,false,0,"","","ADD_TO_SITEMAP"
"93153096-ba00-4b76-9993-d63307f617dc","idei-decor-baloane-aniversare-copii","https://www.kassia.ro/idei-decor-baloane-aniversare-copii","Idei decor baloane aniversare copii","inactive",,false,false,404,"https://www.kassia.ro/404/",false,false,0,"","","DO_NOT_TOUCH"
"49df2e5d-8ce0-4522-a69f-0d132b6efedf","idei-jocuri-petrecere-copii","https://www.kassia.ro/idei-jocuri-petrecere-copii","Animatori Petreceri Copii blog/idei jocuri petrecere copii - Kassia","inactive",,false,false,404,"https://www.kassia.ro/404/",false,false,0,"","","DO_NOT_TOUCH"
"eef84cbe-6c6c-47c9-9151-d5058ce851dd","arcada-baloane-organica-sau-clasica","https://www.kassia.ro/arcada-baloane-organica-sau-clasica","Arcadă baloane organică sau clasică","inactive",,false,false,404,"https://www.kassia.ro/404/",false,false,0,"","","DO_NOT_TOUCH"
"5f939112-fcba-4b2d-833e-2178d1c0dc94","baloane-personalizate-pentru-evenimente","https://www.kassia.ro/baloane-personalizate-pentru-evenimente","Baloane personalizate pentru evenimente","inactive",,false,false,404,"https://www.kassia.ro/404/",false,false,0,"","","DO_NOT_TOUCH"
"36451ab1-07b1-444f-b5eb-40d5868b9bf2","ce-dimensiune-trebuie-sa-aiba-o-arcada-de-baloane","https://www.kassia.ro/ce-dimensiune-trebuie-sa-aiba-o-arcada-de-baloane","Dimensiune arcadă baloane","inactive",,false,false,404,"https://www.kassia.ro/404/",false,false,0,"","","DO_NOT_TOUCH"
"db14c220-7b43-43bc-ae7f-2ac46e1874f0","panou-foto-cu-baloane-idei-si-recomandari","https://www.kassia.ro/panou-foto-cu-baloane-idei-si-recomandari","Panou foto cu baloane idei","inactive",,false,false,404,"https://www.kassia.ro/404/",false,false,0,"","","DO_NOT_TOUCH"
"7b6e25e4-e893-43aa-84a1-dd3517b4fb9e","foto-corner-cu-baloane-pentru-evenimente","https://www.kassia.ro/foto-corner-cu-baloane-pentru-evenimente","Foto corner cu baloane pentru evenimente","inactive",,false,false,404,"https://www.kassia.ro/404/",false,false,0,"","","DO_NOT_TOUCH"
"6a4c3e0d-b94d-4d48-a6c6-1b5d2db70c31","decoratiuni-baloane-berceni","https://www.kassia.ro/decoratiuni-baloane-berceni","Decoratiuni Baloane Berceni","inactive",,false,true,200,"https://www.kassia.ro/decoratiuni-baloane-berceni/",false,false,0,"","","ADD_TO_SITEMAP"
"f29add44-44f8-4888-b6e0-bbb0c9e08cac","decoratiuni-baloane-petrecere-bucuresti","https://www.kassia.ro/decoratiuni-baloane-petrecere-bucuresti","Decoratiuni Baloane Petrecere Bucuresti","inactive",,false,true,200,"https://www.kassia.ro/decoratiuni-baloane-petrecere-bucuresti/",false,true,1,"","","ADD_TO_SITEMAP"
"2ef9d36c-3910-48ef-aff6-a9ad768dfb5c","decoratiuni-baloane-deschidere-magazin-bucuresti","https://www.kassia.ro/decoratiuni-baloane-deschidere-magazin-bucuresti","Decoratiuni Baloane Deschidere Magazin Bucuresti","inactive",,false,true,200,"https://www.kassia.ro/decoratiuni-baloane-deschidere-magazin-bucuresti/",false,true,1,"","","ADD_TO_SITEMAP"
"7dd28cb4-46da-4d76-81d3-7db5d41a5671","decoratiuni-baloane-scoala-bucuresti","https://www.kassia.ro/decoratiuni-baloane-scoala-bucuresti","Decoratiuni Baloane Scoala Bucuresti","inactive",,false,true,200,"https://www.kassia.ro/decoratiuni-baloane-scoala-bucuresti/",false,true,1,"","","ADD_TO_SITEMAP"
"62bf79bf-a316-4ee2-b89f-f699fb8106df","decoratiuni-baloane-gender-reveal-bucuresti","https://www.kassia.ro/decoratiuni-baloane-gender-reveal-bucuresti","Decoratiuni Baloane Gender Reveal Bucuresti","inactive",,false,true,200,"https://www.kassia.ro/decoratiuni-baloane-gender-reveal-bucuresti/",false,true,809,"","","ADD_TO_SITEMAP"
"4829d1df-f7b7-4ef3-828e-c6daed69a8cf","decoratiuni-baloane-halloween-bucuresti","https://www.kassia.ro/decoratiuni-baloane-halloween-bucuresti","Decoratiuni Baloane Halloween Bucuresti","inactive",,false,true,200,"https://www.kassia.ro/decoratiuni-baloane-halloween-bucuresti/",false,true,1,"","","ADD_TO_SITEMAP"
"0657632d-2e9c-4a3c-b8df-194a4d1b72dc","recenzii","https://www.kassia.ro/recenzii","Recenzii","inactive",,false,true,200,"https://www.kassia.ro/recenzii/",false,false,0,"","","ADD_TO_SITEMAP"
"4f553c74-1fbc-4ff5-819b-4c25fa72c713","decoratiuni-baloane-oltenitei","https://www.kassia.ro/decoratiuni-baloane-oltenitei","Decoratiuni Baloane Oltenitei","inactive",,false,true,200,"https://www.kassia.ro/decoratiuni-baloane-oltenitei/",false,false,0,"","","ADD_TO_SITEMAP"
"5e5fc40c-24b6-4bf1-b70f-677a2054ef83","animatori-copii-baneasa","https://www.kassia.ro/animatori-copii-baneasa","Animatori Petreceri Copii animatori copii baneasa - Kassia","inactive",,false,true,200,"https://www.kassia.ro/animatori-copii-baneasa/",false,false,0,"","","ADD_TO_SITEMAP"
"2f32b22f-6c11-441e-833a-500beec6ce10","decoratiuni-baloane-aniversare-copii-bucuresti","https://www.kassia.ro/decoratiuni-baloane-aniversare-copii-bucuresti","Decorațiuni Baloane Aniversare Copii București","inactive",,true,true,200,"https://www.kassia.ro/decoratiuni-baloane-aniversare-copii-bucuresti/",true,true,823,"","","KEEP_LIVE"
"ecdfe8cd-ade3-43ff-84aa-3df6f180ede4","decoratiuni-baloane-drumul-taberei","https://www.kassia.ro/decoratiuni-baloane-drumul-taberei","Decoratiuni Baloane Drumul Taberei","inactive",,false,true,200,"https://www.kassia.ro/decoratiuni-baloane-drumul-taberei/",false,false,0,"","","ADD_TO_SITEMAP"
"ecaefbeb-047a-4dca-b85c-652a055a37f9","decoratiuni-baloane-militari","https://www.kassia.ro/decoratiuni-baloane-militari","Decoratiuni Baloane Militari","inactive",,false,true,200,"https://www.kassia.ro/decoratiuni-baloane-militari/",false,false,0,"","","ADD_TO_SITEMAP"
"3fdc90ae-27b8-4e60-8142-28ee57f22752","decoratiuni-baloane-ilfov","https://www.kassia.ro/decoratiuni-baloane-ilfov","Decoratiuni Baloane Ilfov","inactive",,false,true,200,"https://www.kassia.ro/decoratiuni-baloane-ilfov/",false,true,2,"","","ADD_TO_SITEMAP"
"55d88156-7132-4057-997c-81d9b04820af","intrebari-frecvente","https://www.kassia.ro/intrebari-frecvente","Intrebari Frecvente","inactive",,false,true,200,"https://www.kassia.ro/intrebari-frecvente/",false,false,0,"","","ADD_TO_SITEMAP"
"5bdad3f7-8953-4c8d-9660-b365e076a5a5","decoratiuni-baloane-piata-sudului","https://www.kassia.ro/decoratiuni-baloane-piata-sudului","Decoratiuni Baloane Piata Sudului","inactive",,false,true,200,"https://www.kassia.ro/decoratiuni-baloane-piata-sudului/",false,false,0,"","","ADD_TO_SITEMAP"
"744bf491-a42b-46b9-964f-8d529bc6df6a","decoratiuni-baloane-pipera","https://www.kassia.ro/decoratiuni-baloane-pipera","Decoratiuni Baloane Pipera","inactive",,false,true,200,"https://www.kassia.ro/decoratiuni-baloane-pipera/",false,false,0,"","","ADD_TO_SITEMAP"
"423f46a0-2354-4f00-8da9-9a0c986f13fa","decoratiuni-baloane-otopeni","https://www.kassia.ro/decoratiuni-baloane-otopeni","Decoratiuni Baloane Otopeni","inactive",,false,true,200,"https://www.kassia.ro/decoratiuni-baloane-otopeni/",false,false,0,"","","ADD_TO_SITEMAP"
"2c7623b2-3e7d-46f7-b3f9-ea0cadcee1d6","decoratiuni-baloane-bragadiru","https://www.kassia.ro/decoratiuni-baloane-bragadiru","Decoratiuni Baloane Bragadiru","inactive",,false,true,200,"https://www.kassia.ro/decoratiuni-baloane-bragadiru/",false,false,0,"","","ADD_TO_SITEMAP"
"836076b3-849a-443b-8e3e-4f1f1b9ecc8c","decoratiuni-baloane-magurele","https://www.kassia.ro/decoratiuni-baloane-magurele","Decoratiuni Baloane Magurele","inactive",,false,true,200,"https://www.kassia.ro/decoratiuni-baloane-magurele/",false,false,0,"","","ADD_TO_SITEMAP"
"88c1b9cb-f341-49f4-b521-86d13474e424","decoratiuni-baloane-afumati","https://www.kassia.ro/decoratiuni-baloane-afumati","Decoratiuni Baloane Afumati","inactive",,false,true,200,"https://www.kassia.ro/decoratiuni-baloane-afumati/",false,false,0,"","","ADD_TO_SITEMAP"
"dde2a730-9dfa-4d67-a9c1-3b24dc769b13","cat-costa-decoratiunile-cu-baloane","https://www.kassia.ro/cat-costa-decoratiunile-cu-baloane","Cât costă decorațiunile cu baloane?","inactive",,false,false,404,"https://www.kassia.ro/404/",false,false,0,"","","DO_NOT_TOUCH"
"99d5ae78-bdf4-480c-9d89-4fd9451ca678","decoratiuni-baloane-crangasi","https://www.kassia.ro/decoratiuni-baloane-crangasi","Decoratiuni Baloane Crangasi","inactive",,false,true,200,"https://www.kassia.ro/decoratiuni-baloane-crangasi/",false,false,0,"","","ADD_TO_SITEMAP"
"b0d83d08-6397-4b06-bd6d-1e8ac5bb8b73","decoratiuni-baloane-grozavesti","https://www.kassia.ro/decoratiuni-baloane-grozavesti","Decoratiuni Baloane Grozavesti","inactive",,false,true,200,"https://www.kassia.ro/decoratiuni-baloane-grozavesti/",false,false,0,"","","ADD_TO_SITEMAP"
"abef3764-06e0-4925-93dc-96f57d8d127c","aranjamente-baloane-bucuresti","https://www.kassia.ro/aranjamente-baloane-bucuresti","Aranjamente Baloane Bucuresti","inactive",,false,true,200,"https://www.kassia.ro/aranjamente-baloane-bucuresti/",false,true,808,"","","ADD_TO_SITEMAP"
"ce9ed604-bf86-4a60-bf6f-becba3628354","buchete-baloane-bucuresti","https://www.kassia.ro/buchete-baloane-bucuresti","Buchete Baloane Bucuresti","inactive",,false,true,200,"https://www.kassia.ro/buchete-baloane-bucuresti/",false,true,808,"","","ADD_TO_SITEMAP"
"3069dab7-f3da-4c3d-ba87-b1adc5133974","baloane-personalizate-bucuresti","https://www.kassia.ro/baloane-personalizate-bucuresti","Baloane Personalizate Bucuresti","inactive",,false,true,200,"https://www.kassia.ro/baloane-personalizate-bucuresti/",false,false,0,"","","ADD_TO_SITEMAP"
"091dee7c-ec3a-4c47-b5db-4af24700c08b","animatori-botez-bucuresti","https://www.kassia.ro/animatori-botez-bucuresti","Animatori botez București | Activități copii la botez | Kassia","inactive",,true,true,200,"https://www.kassia.ro/animatori-botez-bucuresti/",true,false,0,"","","IMPROVE_LIVE"
"cd8332db-8202-449e-95e8-5bf2bb05f347","baloane-cifre-litere-bucuresti","https://www.kassia.ro/baloane-cifre-litere-bucuresti","Baloane Cifre Litere Bucuresti","inactive",,false,true,200,"https://www.kassia.ro/baloane-cifre-litere-bucuresti/",false,true,808,"","","ADD_TO_SITEMAP"
"a414fd35-d5a3-4e6d-bc3e-eba420dd20ae","ghirlande-baloane-bucuresti","https://www.kassia.ro/ghirlande-baloane-bucuresti","Ghirlande Baloane Bucuresti","inactive",,false,true,200,"https://www.kassia.ro/ghirlande-baloane-bucuresti/",false,true,808,"","","ADD_TO_SITEMAP"
"cc408004-f7fb-4d30-9ba8-4845affcae87","stalpi-baloane-bucuresti","https://www.kassia.ro/stalpi-baloane-bucuresti","Stalpi Baloane Bucuresti","inactive",,false,true,200,"https://www.kassia.ro/stalpi-baloane-bucuresti/",false,true,808,"","","ADD_TO_SITEMAP"
"ae5f7921-4fff-47ab-90ea-f5e9be884126","perete-baloane-bucuresti","https://www.kassia.ro/perete-baloane-bucuresti","Perete Baloane Bucuresti","inactive",,false,true,200,"https://www.kassia.ro/perete-baloane-bucuresti/",false,true,808,"","","ADD_TO_SITEMAP"
"2b0dc532-1a33-4603-890b-d5c4a957f94b","dans-si-muzica-pentru-copii-bucuresti","https://www.kassia.ro/dans-si-muzica-pentru-copii-bucuresti","Animatori Petreceri Copii dans si muzica pentru copii bucuresti - Kassia","inactive",,false,true,200,"https://www.kassia.ro/dans-si-muzica-pentru-copii-bucuresti/",false,false,0,"","","ADD_TO_SITEMAP"
"3b1909f6-ff2e-451b-b8c0-7d2ec53a639f","jocuri-muzicale-copii-bucuresti","https://www.kassia.ro/jocuri-muzicale-copii-bucuresti","Animatori Petreceri Copii jocuri muzicale copii bucuresti - Kassia","inactive",,true,true,200,"https://www.kassia.ro/jocuri-muzicale-copii-bucuresti/",true,false,0,"","","IMPROVE_LIVE"
"b43ba441-ec9a-45c2-b059-3d73f977eb77","animatori-evenimente-copii-bucuresti","https://www.kassia.ro/animatori-evenimente-copii-bucuresti","Animatori evenimente copii București | Petreceri | Kassia","inactive",,true,true,200,"https://www.kassia.ro/animatori-evenimente-copii-bucuresti/",true,false,0,"","","IMPROVE_LIVE"
"796ef23c-48fb-4cdc-9d44-2d36b7cccf2f","modelaj-baloane-copii-bucuresti","https://www.kassia.ro/modelaj-baloane-copii-bucuresti","Modelaj Baloane pentru Petreceri Copii in Bucuresti si Ilfov","inactive",,true,true,200,"https://www.kassia.ro/modelaj-baloane-copii-bucuresti/",true,true,831,"","","KEEP_LIVE"
"0d9a5e23-736e-42da-a641-b499adeab8bf","livrare-baloane-bucuresti","https://www.kassia.ro/livrare-baloane-bucuresti","Livrare Baloane Bucuresti","inactive",,false,true,200,"https://www.kassia.ro/livrare-baloane-bucuresti/",false,true,808,"","","ADD_TO_SITEMAP"
"bfcc338e-867f-4b3e-bda8-c92cf69499d2","decoratiuni-baloane-mot-bucuresti","https://www.kassia.ro/decoratiuni-baloane-mot-bucuresti","Decoratiuni Baloane Mot Bucuresti","inactive",,false,true,200,"https://www.kassia.ro/decoratiuni-baloane-mot-bucuresti/",false,true,96,"","","ADD_TO_SITEMAP"
"1aa9b14a-e4f7-4ce5-862a-94f3706f4a56","decoratiuni-baloane-baby-shower-bucuresti","https://www.kassia.ro/decoratiuni-baloane-baby-shower-bucuresti","Decoratiuni Baloane Baby Shower Bucuresti","inactive",,false,true,200,"https://www.kassia.ro/decoratiuni-baloane-baby-shower-bucuresti/",false,true,809,"","","ADD_TO_SITEMAP"
"d8222519-3cd5-448d-94eb-9f6b1f8fec50","decoratiuni-baloane-revelion-bucuresti","https://www.kassia.ro/decoratiuni-baloane-revelion-bucuresti","Decoratiuni Baloane Revelion Bucuresti","inactive",,false,true,200,"https://www.kassia.ro/decoratiuni-baloane-revelion-bucuresti/",false,true,1,"","","ADD_TO_SITEMAP"
"32c0138e-1839-48bb-967d-2a839e2a47fb","decoratiuni-baloane-absolvire-bucuresti","https://www.kassia.ro/decoratiuni-baloane-absolvire-bucuresti","Decoratiuni Baloane Absolvire Bucuresti","inactive",,false,true,200,"https://www.kassia.ro/decoratiuni-baloane-absolvire-bucuresti/",false,true,809,"","","ADD_TO_SITEMAP"
"832bdf9e-9b83-4274-a321-30f17409e08a","decoratiuni-baloane-domnesti","https://www.kassia.ro/decoratiuni-baloane-domnesti","Decoratiuni Baloane Domnesti","inactive",,false,true,200,"https://www.kassia.ro/decoratiuni-baloane-domnesti/",false,false,0,"","","ADD_TO_SITEMAP"
"6400e079-ac17-4a46-91c1-b8be596b756a","decoratiuni-baloane-dascalu","https://www.kassia.ro/decoratiuni-baloane-dascalu","Decoratiuni Baloane Dascalu","inactive",,false,true,200,"https://www.kassia.ro/decoratiuni-baloane-dascalu/",false,false,0,"","","ADD_TO_SITEMAP"
"ebf64a68-2fd6-4f21-ae6d-b75ed2d907bf","arcada-baloane-nunta-bucuresti","https://www.kassia.ro/arcada-baloane-nunta-bucuresti","Arcada Baloane Nunta Bucuresti","inactive",,false,true,200,"https://www.kassia.ro/arcada-baloane-nunta-bucuresti/",false,false,0,"","","ADD_TO_SITEMAP"
"df54e68e-4ad5-4ddb-9c36-923980162848","decoratiuni-baloane-aparatorii-patriei","https://www.kassia.ro/decoratiuni-baloane-aparatorii-patriei","Decoratiuni Baloane Aparatorii Patriei","inactive",,false,true,200,"https://www.kassia.ro/decoratiuni-baloane-aparatorii-patriei/",false,false,0,"","","ADD_TO_SITEMAP"
"ef66144d-a8d3-42fc-8914-e4a6cfa3a520","decoratiuni-baloane-sector-4","https://www.kassia.ro/decoratiuni-baloane-sector-4","Decoratiuni Baloane Sector 4","inactive",,false,true,200,"https://www.kassia.ro/decoratiuni-baloane-sector-4/",false,false,0,"","","ADD_TO_SITEMAP"
"ba05c8f5-ce09-464d-8beb-eabd0c3d895f","decoratiuni-baloane-sector-5","https://www.kassia.ro/decoratiuni-baloane-sector-5","Decoratiuni Baloane Sector 5","inactive",,false,true,200,"https://www.kassia.ro/decoratiuni-baloane-sector-5/",false,false,0,"","","ADD_TO_SITEMAP"
"1b3eeca2-0370-44bc-8df3-cb744aaab84c","decoratiuni-baloane-sector-6","https://www.kassia.ro/decoratiuni-baloane-sector-6","Decoratiuni Baloane Sector 6","inactive",,false,true,200,"https://www.kassia.ro/decoratiuni-baloane-sector-6/",false,false,0,"","","ADD_TO_SITEMAP"
"8126ee76-8b69-42a4-9177-cce40de74cc3","decoratiuni-baloane-aviatiei","https://www.kassia.ro/decoratiuni-baloane-aviatiei","Decoratiuni Baloane Aviatiei","inactive",,false,true,200,"https://www.kassia.ro/decoratiuni-baloane-aviatiei/",false,false,0,"","","ADD_TO_SITEMAP"
"68a844fe-8c9b-4af5-a0e6-05425c2f3938","decoratiuni-baloane-baneasa","https://www.kassia.ro/decoratiuni-baloane-baneasa","Decoratiuni Baloane Baneasa","inactive",,false,true,200,"https://www.kassia.ro/decoratiuni-baloane-baneasa/",false,false,0,"","","ADD_TO_SITEMAP"
"a3c33e55-34ff-4f69-a613-229bcec3fa82","decoratiuni-baloane-domenii","https://www.kassia.ro/decoratiuni-baloane-domenii","Decoratiuni Baloane Domenii","inactive",,false,true,200,"https://www.kassia.ro/decoratiuni-baloane-domenii/",false,false,0,"","","ADD_TO_SITEMAP"
"9ff381b4-5c68-42c0-8d76-1b3f0cad756a","decoratiuni-baloane-deschidere-restaurant-bucuresti","https://www.kassia.ro/decoratiuni-baloane-deschidere-restaurant-bucuresti","Decoratiuni Baloane Deschidere Restaurant Bucuresti","inactive",,false,true,200,"https://www.kassia.ro/decoratiuni-baloane-deschidere-restaurant-bucuresti/",false,true,96,"","","ADD_TO_SITEMAP"
"9718b914-fcc9-46b9-aed6-5dbe8a11008e","decoratiuni-baloane-showroom-bucuresti","https://www.kassia.ro/decoratiuni-baloane-showroom-bucuresti","Decoratiuni Baloane Showroom Bucuresti","inactive",,false,true,200,"https://www.kassia.ro/decoratiuni-baloane-showroom-bucuresti/",false,true,1,"","","ADD_TO_SITEMAP"
"a14a5622-49e7-4018-93bd-e02da1a23c83","animatori-pentru-copii-4-10-ani-bucuresti","https://www.kassia.ro/animatori-pentru-copii-4-10-ani-bucuresti","Animatori Petreceri Copii animatori pentru copii 4 10 ani bucuresti - Kassia","inactive",,false,true,200,"https://www.kassia.ro/animatori-pentru-copii-4-10-ani-bucuresti/",false,false,0,"","","ADD_TO_SITEMAP"
"e3f40cd3-a4f9-4515-905e-6f77bbfbb918","personaje-petreceri-copii-bucuresti","https://www.kassia.ro/personaje-petreceri-copii-bucuresti","Personaje pentru Petreceri Copii Bucuresti si Ilfov | Animatori","inactive",,false,true,200,"https://www.kassia.ro/personaje-animatori-copii-bucuresti/",true,true,811,"","","ADD_TO_SITEMAP"
"d3c638e5-4888-4768-94d5-93baed0a9414","arcada-baloane-botez-bucuresti","https://www.kassia.ro/arcada-baloane-botez-bucuresti","Arcadă Baloane Botez București","inactive",,true,true,200,"https://www.kassia.ro/arcada-baloane-botez-bucuresti/",true,true,4,"","","KEEP_LIVE"
"f147e5d6-a5fd-4e2d-8bc5-01b41aac5a1e","animatori-after-school-bucuresti","https://www.kassia.ro/animatori-after-school-bucuresti","Animatori Petreceri Copii animatori after school bucuresti - Kassia","inactive",,false,true,200,"https://www.kassia.ro/animatori-after-school-bucuresti/",false,false,0,"","","ADD_TO_SITEMAP"
"5be2d540-4647-4c66-b646-4a6b7c1e9268","decoratiuni-baloane-gradinita-bucuresti","https://www.kassia.ro/decoratiuni-baloane-gradinita-bucuresti","Decoratiuni Baloane Gradinita Bucuresti","inactive",,false,true,200,"https://www.kassia.ro/decoratiuni-baloane-gradinita-bucuresti/",false,true,1,"","","ADD_TO_SITEMAP"
"06e49bd0-d965-4a77-a145-6d127323a2e7","decoratiuni-baloane-craciun-bucuresti","https://www.kassia.ro/decoratiuni-baloane-craciun-bucuresti","Decoratiuni Baloane Craciun Bucuresti","inactive",,false,true,200,"https://www.kassia.ro/decoratiuni-baloane-craciun-bucuresti/",false,true,1,"","","ADD_TO_SITEMAP"
"d01c0200-7f1c-4a04-a3d4-963e8626cc74","decoratiuni-baloane-paste-bucuresti","https://www.kassia.ro/decoratiuni-baloane-paste-bucuresti","Decoratiuni Baloane Paste Bucuresti","inactive",,false,true,200,"https://www.kassia.ro/decoratiuni-baloane-paste-bucuresti/",false,true,1,"","","ADD_TO_SITEMAP"
"5549a9ac-05f1-4f16-905b-70d7c8fcb337","decoratiuni-baloane-1-iunie-bucuresti","https://www.kassia.ro/decoratiuni-baloane-1-iunie-bucuresti","Decoratiuni Baloane 1 Iunie Bucuresti","inactive",,false,true,200,"https://www.kassia.ro/decoratiuni-baloane-1-iunie-bucuresti/",false,true,1,"","","ADD_TO_SITEMAP"
"cfceedcc-02ae-4c4b-bb7a-1efc6de616b1","decoratiuni-baloane-sector-1","https://www.kassia.ro/decoratiuni-baloane-sector-1","Decoratiuni Baloane Sector 1","inactive",,false,true,200,"https://www.kassia.ro/decoratiuni-baloane-sector-1/",false,false,0,"","","ADD_TO_SITEMAP"
"97de669b-33ce-447a-8250-b1b17ebe6d93","decoratiuni-baloane-mogosoaia","https://www.kassia.ro/decoratiuni-baloane-mogosoaia","Decoratiuni Baloane Mogosoaia","inactive",,false,true,200,"https://www.kassia.ro/decoratiuni-baloane-mogosoaia/",false,false,0,"","","ADD_TO_SITEMAP"
"66ce5754-d237-484b-94a4-b19c861cf9e1","decoratiuni-baloane-chiajna","https://www.kassia.ro/decoratiuni-baloane-chiajna","Decoratiuni Baloane Chiajna","inactive",,false,true,200,"https://www.kassia.ro/decoratiuni-baloane-chiajna/",false,false,0,"","","ADD_TO_SITEMAP"
"69981902-147c-4ad7-acd4-4e778aa7d91e","decoratiuni-baloane-cernica","https://www.kassia.ro/decoratiuni-baloane-cernica","Decoratiuni Baloane Cernica","inactive",,false,true,200,"https://www.kassia.ro/decoratiuni-baloane-cernica/",false,false,0,"","","ADD_TO_SITEMAP"
"df9e2feb-07ed-4185-9f5b-f191d69ddc8a","decoratiuni-baloane-stefanestii-de-jos","https://www.kassia.ro/decoratiuni-baloane-stefanestii-de-jos","Decoratiuni Baloane Stefanestii De Jos","inactive",,false,true,200,"https://www.kassia.ro/decoratiuni-baloane-stefanestii-de-jos/",false,false,0,"","","ADD_TO_SITEMAP"
"ef2b67f5-972c-4538-8211-d0f11ef4ae1a","decoratiuni-baloane-clinceni","https://www.kassia.ro/decoratiuni-baloane-clinceni","Decoratiuni Baloane Clinceni","inactive",,false,true,200,"https://www.kassia.ro/decoratiuni-baloane-clinceni/",false,false,0,"","","ADD_TO_SITEMAP"
"0d287131-b682-4a48-b15f-95802ca3ae22","decoratiuni-baloane-dragomiresti-vale","https://www.kassia.ro/decoratiuni-baloane-dragomiresti-vale","Decoratiuni Baloane Dragomiresti Vale","inactive",,false,true,200,"https://www.kassia.ro/decoratiuni-baloane-dragomiresti-vale/",false,false,0,"","","ADD_TO_SITEMAP"
"26f047ec-ee71-4d7e-8619-9ac1a6275cf6","decoratiuni-baloane-jilava","https://www.kassia.ro/decoratiuni-baloane-jilava","Decoratiuni Baloane Jilava","inactive",,false,true,200,"https://www.kassia.ro/decoratiuni-baloane-jilava/",false,false,0,"","","ADD_TO_SITEMAP"
"ebd99599-ed4c-44ed-9342-b84cc16a3e03","panou-foto-baloane-botez-bucuresti","https://www.kassia.ro/panou-foto-baloane-botez-bucuresti","Panou Foto cu Baloane Botez București | Kassia","inactive",,true,true,200,"https://www.kassia.ro/panou-foto-baloane-botez-bucuresti/",true,true,2,"","","KEEP_LIVE"
"6d89df5a-532e-418d-91ca-bd86a948bd73","idei-decor-baloane-majorat","https://www.kassia.ro/idei-decor-baloane-majorat","Idei decor baloane majorat","inactive",,false,false,404,"https://www.kassia.ro/404/",false,false,0,"","","DO_NOT_TOUCH"
"44f83058-391e-4761-85ba-fa8cf6cb8d85","mascote-petreceri-copii-bucuresti","https://www.kassia.ro/mascote-petreceri-copii-bucuresti","Mascote Petreceri Copii Bucuresti si Ilfov | Inchirieri Mascote","inactive",,true,true,200,"https://www.kassia.ro/mascote-petreceri-copii-bucuresti/",true,true,19,"","","KEEP_LIVE"
"5481e041-5624-431c-8e18-3b6c33673495","spectacol-magie-copii-bucuresti","https://www.kassia.ro/spectacol-magie-copii-bucuresti","Animatori Petreceri Copii spectacol magie copii bucuresti - Kassia","inactive",,false,true,200,"https://www.kassia.ro/spectacol-magie-copii-bucuresti/",false,false,0,"","","ADD_TO_SITEMAP"
"1a2a3766-926e-4f03-a060-9c136eacee87","buchete-baloane-aniversare-bucuresti","https://www.kassia.ro/buchete-baloane-aniversare-bucuresti","Buchete Baloane Aniversare București și Ilfov | Kassia Events","inactive",,true,true,200,"https://www.kassia.ro/buchete-baloane-aniversare-bucuresti/",true,true,9,"","","KEEP_LIVE"
"73c9fa57-dd6a-41a1-bd55-a2ce1833e055","jocuri-interactive-copii-bucuresti","https://www.kassia.ro/jocuri-interactive-copii-bucuresti","Jocuri Interactive si Concursuri Petreceri Copii Bucuresti si Ilfov","inactive",,true,true,200,"https://www.kassia.ro/jocuri-interactive-copii-bucuresti/",true,true,813,"","","KEEP_LIVE"
"d2d9cbff-faae-420f-8c42-59b386531e10","idei-decor-baloane-aniversare-adulti","https://www.kassia.ro/idei-decor-baloane-aniversare-adulti","Idei decor baloane aniversare adulți","inactive",,false,false,404,"https://www.kassia.ro/404/",false,false,0,"","","DO_NOT_TOUCH"
"47c64b0f-7f00-4566-8296-0b52f4ca5f94","pictura-pe-fata-copii-bucuresti","https://www.kassia.ro/pictura-pe-fata-copii-bucuresti","Pictură pe față pentru petreceri de copii în București și Ilfov","inactive",,true,true,200,"https://www.kassia.ro/pictura-pe-fata-copii-bucuresti/",true,true,826,"","","KEEP_LIVE"
"59f06126-e2db-447a-a47f-a8dd1c754594","buchete-baloane-cand-se-potrivesc","https://www.kassia.ro/buchete-baloane-cand-se-potrivesc","Buchete baloane când se potrivesc","inactive",,false,false,404,"https://www.kassia.ro/404/",false,false,0,"","","DO_NOT_TOUCH"
"8d602b05-b1ce-4fae-a9fe-4e9350fce960","decoratiuni-baloane-stefan-cel-mare","https://www.kassia.ro/decoratiuni-baloane-stefan-cel-mare","Decoratiuni Baloane Stefan Cel Mare","inactive",,false,true,200,"https://www.kassia.ro/decoratiuni-baloane-stefan-cel-mare/",false,false,0,"","","ADD_TO_SITEMAP"
"dfa3016a-7556-4e9a-bbd1-4bf6c984a57e","decoratiuni-baloane-dristor","https://www.kassia.ro/decoratiuni-baloane-dristor","Decoratiuni Baloane Dristor","inactive",,false,true,200,"https://www.kassia.ro/decoratiuni-baloane-dristor/",false,false,0,"","","ADD_TO_SITEMAP"
"dab68b48-b4cb-4ca4-a54f-49311d60579e","decoratiuni-baloane-roz-auriu-bucuresti","https://www.kassia.ro/decoratiuni-baloane-roz-auriu-bucuresti","Decoratiuni Baloane Roz Auriu Bucuresti","inactive",,false,true,200,"https://www.kassia.ro/decoratiuni-baloane-roz-auriu-bucuresti/",false,true,1,"","","ADD_TO_SITEMAP"
"4da77bc7-d1ef-4418-a26b-fdc9a2a2cf2f","cat-costa-baloanele-cu-heliu","https://www.kassia.ro/cat-costa-baloanele-cu-heliu","Cât costă baloanele cu heliu?","inactive",,false,false,404,"https://www.kassia.ro/404/",false,false,0,"","","DO_NOT_TOUCH"
"71006147-1860-4da1-b02a-75ba2ecbaea0","cat-costa-un-panou-foto-cu-baloane","https://www.kassia.ro/cat-costa-un-panou-foto-cu-baloane","Cât costă un panou foto cu baloane?","inactive",,false,false,404,"https://www.kassia.ro/404/",false,false,0,"","","DO_NOT_TOUCH"
"ff605f74-5a61-436c-8d4e-48145e9eed48","decoratiuni-baloane-titan","https://www.kassia.ro/decoratiuni-baloane-titan","Decoratiuni Baloane Titan","inactive",,false,true,200,"https://www.kassia.ro/decoratiuni-baloane-titan/",false,false,0,"","","ADD_TO_SITEMAP"
"45cfa22d-94eb-4527-be9f-0e4d7e43458a","decoratiuni-baloane-vitan","https://www.kassia.ro/decoratiuni-baloane-vitan","Decoratiuni Baloane Vitan","inactive",,false,true,200,"https://www.kassia.ro/decoratiuni-baloane-vitan/",false,false,0,"","","ADD_TO_SITEMAP"
"3dbbff26-1e86-4acf-97dd-dd1b85dd4587","decoratiuni-baloane-unirii","https://www.kassia.ro/decoratiuni-baloane-unirii","Decoratiuni Baloane Unirii","inactive",,false,true,200,"https://www.kassia.ro/decoratiuni-baloane-unirii/",false,false,0,"","","ADD_TO_SITEMAP"
"96d9abfe-6894-4dd0-9aea-b75ff74717bd","decoratiuni-baloane-dudesti","https://www.kassia.ro/decoratiuni-baloane-dudesti","Decoratiuni Baloane Dudesti","inactive",,false,true,200,"https://www.kassia.ro/decoratiuni-baloane-dudesti/",false,false,0,"","","ADD_TO_SITEMAP"
"ec939555-87a0-4b76-a226-85a8312af459","decoratiuni-baloane-rahova","https://www.kassia.ro/decoratiuni-baloane-rahova","Decoratiuni Baloane Rahova","inactive",,false,true,200,"https://www.kassia.ro/decoratiuni-baloane-rahova/",false,false,0,"","","ADD_TO_SITEMAP"
"122c991a-86e4-4468-8500-e5db5123677e","decoratiuni-baloane-13-septembrie","https://www.kassia.ro/decoratiuni-baloane-13-septembrie","Decoratiuni Baloane 13 Septembrie","inactive",,false,true,200,"https://www.kassia.ro/decoratiuni-baloane-13-septembrie/",false,false,0,"","","ADD_TO_SITEMAP"
"097b028d-7c9b-4305-a8fc-7f1bb9bb50ed","decoratiuni-baloane-ferentari","https://www.kassia.ro/decoratiuni-baloane-ferentari","Decoratiuni Baloane Ferentari","inactive",,false,true,200,"https://www.kassia.ro/decoratiuni-baloane-ferentari/",false,false,0,"","","ADD_TO_SITEMAP"
"c1a5c8d2-3091-4904-86a9-b26e73c7ada6","decoratiuni-baloane-sebastian","https://www.kassia.ro/decoratiuni-baloane-sebastian","Decoratiuni Baloane Sebastian","inactive",,false,true,200,"https://www.kassia.ro/decoratiuni-baloane-sebastian/",false,false,0,"","","ADD_TO_SITEMAP"
"9d9bd7af-07e9-42cf-9520-b5d58d96da51","decoratiuni-baloane-sector-2","https://www.kassia.ro/decoratiuni-baloane-sector-2","Decoratiuni Baloane Sector 2","inactive",,false,true,200,"https://www.kassia.ro/decoratiuni-baloane-sector-2/",false,false,0,"","","ADD_TO_SITEMAP"
"f3b0a28b-4729-4c33-82a8-621d0693472f","decoratiuni-baloane-sector-3","https://www.kassia.ro/decoratiuni-baloane-sector-3","Decoratiuni Baloane Sector 3","inactive",,false,true,200,"https://www.kassia.ro/decoratiuni-baloane-sector-3/",false,false,0,"","","ADD_TO_SITEMAP"
"09229bcb-2b0d-4c28-84b9-9fb7e4634475","animatori-petrecere-copii-prescolari-bucuresti","https://www.kassia.ro/animatori-petrecere-copii-prescolari-bucuresti","Animatori Petreceri Copii animatori petrecere copii prescolari bucuresti - Kassia","inactive",,false,true,200,"https://www.kassia.ro/animatori-petrecere-copii-prescolari-bucuresti/",false,false,0,"","","ADD_TO_SITEMAP"
"6676354b-69db-4451-8135-9813111ddcaa","pachete-animatori-copii-bucuresti","https://www.kassia.ro/pachete-animatori-copii-bucuresti","Programe Animatori Copii București | Activități Interactive - Kassia","inactive",,false,true,200,"https://www.kassia.ro/preturi-animatori-copii-bucuresti/",true,true,1639,"","","ADD_TO_SITEMAP"
"e704e0ab-7a4c-446a-876d-4c963d74a9fe","pachet-animator-si-pictura-pe-fata-bucuresti","https://www.kassia.ro/pachet-animator-si-pictura-pe-fata-bucuresti","Animatori Petreceri Copii pachet animator si pictura pe fata bucuresti - Kassia","inactive",,true,true,200,"https://www.kassia.ro/pachet-animator-si-pictura-pe-fata-bucuresti/",true,false,0,"","","IMPROVE_LIVE"
"8cb4ff49-10aa-4133-b345-04988e34f970","animatori-petrecere-copii-scolari-bucuresti","https://www.kassia.ro/animatori-petrecere-copii-scolari-bucuresti","Animatori Petreceri Copii animatori petrecere copii scolari bucuresti - Kassia","inactive",,false,true,200,"https://www.kassia.ro/animatori-petrecere-copii-scolari-bucuresti/",false,false,0,"","","ADD_TO_SITEMAP"
"a979f91f-5466-402e-a7ba-544da77388e0","animatori-petrecere-3-ani-bucuresti","https://www.kassia.ro/animatori-petrecere-3-ani-bucuresti","Animatori Petreceri Copii animatori petrecere 3 ani bucuresti - Kassia","inactive",,false,true,200,"https://www.kassia.ro/animatori-petrecere-3-ani-bucuresti/",false,false,0,"","","ADD_TO_SITEMAP"
"2af73851-0faa-4542-9d34-50f7cf6093a0","animatori-petrecere-6-ani-bucuresti","https://www.kassia.ro/animatori-petrecere-6-ani-bucuresti","Animatori Petreceri Copii animatori petrecere 6 ani bucuresti - Kassia","inactive",,false,true,200,"https://www.kassia.ro/animatori-petrecere-6-ani-bucuresti/",false,false,0,"","","ADD_TO_SITEMAP"
"3cc63590-f747-402c-bb10-9ce0d1c39417","animatori-petrecere-7-ani-bucuresti","https://www.kassia.ro/animatori-petrecere-7-ani-bucuresti","Animatori Petreceri Copii animatori petrecere 7 ani bucuresti - Kassia","inactive",,false,true,200,"https://www.kassia.ro/animatori-petrecere-7-ani-bucuresti/",false,false,0,"","","ADD_TO_SITEMAP"
"c8d1fd70-78a2-4868-a624-20e7aad20ca9","animatori-petrecere-12-ani-bucuresti","https://www.kassia.ro/animatori-petrecere-12-ani-bucuresti","Animatori Petreceri Copii animatori petrecere 12 ani bucuresti - Kassia","inactive",,false,true,200,"https://www.kassia.ro/animatori-petrecere-12-ani-bucuresti/",false,false,0,"","","ADD_TO_SITEMAP"
"11e25356-6deb-4b06-a7c9-50e14e1094fa","animatori-pentru-copii-mici-bucuresti","https://www.kassia.ro/animatori-pentru-copii-mici-bucuresti","Animatori Petreceri Copii animatori pentru copii mici bucuresti - Kassia","inactive",,false,true,200,"https://www.kassia.ro/animatori-petreceri-copii/",true,false,0,"","","ADD_TO_SITEMAP"
"61489056-5af7-4835-aaed-3bf6cf56ce94","animatori-family-day-bucuresti","https://www.kassia.ro/animatori-family-day-bucuresti","Animatori Petreceri Copii animatori family day bucuresti - Kassia","inactive",,false,true,200,"https://www.kassia.ro/animatori-family-day-bucuresti/",false,false,0,"","","ADD_TO_SITEMAP"
"44ccceb6-1404-4438-84ea-f7e51debe94e","animatori-eveniment-corporate-copii-bucuresti","https://www.kassia.ro/animatori-eveniment-corporate-copii-bucuresti","Animatori copii evenimente corporate București | Kassia","inactive",,true,true,200,"https://www.kassia.ro/animatori-eveniment-corporate-copii-bucuresti/",true,false,0,"","","IMPROVE_LIVE"
"ca7d822d-4709-4b65-abb1-d031b2f7db96","pachet-animator-si-mascota-bucuresti","https://www.kassia.ro/pachet-animator-si-mascota-bucuresti","Animatori Petreceri Copii pachet animator si mascota bucuresti - Kassia","inactive",,false,false,404,"https://www.kassia.ro/404/",false,false,0,"","","DO_NOT_TOUCH"
"919d3b01-0d3f-4b54-b4b5-b758566a947a","decoratiuni-baloane-balotesti","https://www.kassia.ro/decoratiuni-baloane-balotesti","Decoratiuni Baloane Balotesti","inactive",,false,true,200,"https://www.kassia.ro/decoratiuni-baloane-balotesti/",false,false,0,"","","ADD_TO_SITEMAP"
"e4830127-b7de-43db-b008-a2858a908fbf","decoratiuni-baloane-chitila","https://www.kassia.ro/decoratiuni-baloane-chitila","Decoratiuni Baloane Chitila","inactive",,false,true,200,"https://www.kassia.ro/decoratiuni-baloane-chitila/",false,false,0,"","","ADD_TO_SITEMAP"
"05916472-6407-4434-bd97-f7f600f52d51","decoratiuni-baloane-popesti-leordeni","https://www.kassia.ro/decoratiuni-baloane-popesti-leordeni","Decoratiuni Baloane Popesti Leordeni","inactive",,false,true,200,"https://www.kassia.ro/decoratiuni-baloane-popesti-leordeni/",false,false,0,"","","ADD_TO_SITEMAP"
"bc0d9f1f-fe99-4e18-a08d-8d2fd3b574d0","decoratiuni-baloane-berceni-ilfov","https://www.kassia.ro/decoratiuni-baloane-berceni-ilfov","Decoratiuni Baloane Berceni Ilfov","inactive",,false,true,200,"https://www.kassia.ro/decoratiuni-baloane-berceni-ilfov/",false,false,0,"","","ADD_TO_SITEMAP"
"5fb70434-2104-465d-98d1-71be39d0cfdc","decoratiuni-baloane-pantelimon-ilfov","https://www.kassia.ro/decoratiuni-baloane-pantelimon-ilfov","Decoratiuni Baloane Pantelimon Ilfov","inactive",,false,true,200,"https://www.kassia.ro/decoratiuni-baloane-pantelimon-ilfov/",false,false,0,"","","ADD_TO_SITEMAP"
"e5adae0b-096b-4740-bfa3-66ec2019ecc3","decoratiuni-baloane-snagov","https://www.kassia.ro/decoratiuni-baloane-snagov","Decoratiuni Baloane Snagov","inactive",,false,true,200,"https://www.kassia.ro/decoratiuni-baloane-snagov/",false,false,0,"","","ADD_TO_SITEMAP"
"41671f54-6e68-477a-b2d9-e5c158757bb8","decoratiuni-baloane-1-decembrie","https://www.kassia.ro/decoratiuni-baloane-1-decembrie","Decoratiuni Baloane 1 Decembrie","inactive",,false,true,200,"https://www.kassia.ro/decoratiuni-baloane-1-decembrie/",false,false,0,"","","ADD_TO_SITEMAP"
"09f37320-1310-4d9a-9518-3f2af14bd0ed","animatori-serbare-copii-bucuresti","https://www.kassia.ro/animatori-serbare-copii-bucuresti","Animatori Petreceri Copii animatori serbare copii bucuresti - Kassia","inactive",,true,true,200,"https://www.kassia.ro/animatori-serbare-copii-bucuresti/",true,false,0,"","","IMPROVE_LIVE"
"b70a4595-0bdb-4fe4-8cb8-ec8fe41422c5","animatori-petrecere-copii-vara-bucuresti","https://www.kassia.ro/animatori-petrecere-copii-vara-bucuresti","Animatori Petreceri Copii animatori petrecere copii vara bucuresti - Kassia","inactive",,false,true,200,"https://www.kassia.ro/animatori-petrecere-copii-vara-bucuresti/",false,false,0,"","","ADD_TO_SITEMAP"
"09b48f7e-3c4b-4783-946a-0da3bf35a082","cat-costa-o-arcada-de-baloane","https://www.kassia.ro/cat-costa-o-arcada-de-baloane","Cât costă o arcadă de baloane?","inactive",,false,false,404,"https://www.kassia.ro/404/",false,false,0,"","","DO_NOT_TOUCH"
"c19af2ab-6c17-460d-a6b1-5f4747a54487","cat-costa-un-decor-de-baloane-pentru-botez","https://www.kassia.ro/cat-costa-un-decor-de-baloane-pentru-botez","Cât costă decor baloane botez?","inactive",,false,false,404,"https://www.kassia.ro/404/",false,false,0,"","","DO_NOT_TOUCH"
"bfbd95fb-2166-456f-83f3-0b97a7ce1885","animatori-mot-turta-bucuresti","https://www.kassia.ro/animatori-mot-turta-bucuresti","Animatori moț și turtă București | Petreceri copii | Kassia","inactive",,true,true,200,"https://www.kassia.ro/animatori-mot-turta-bucuresti/",true,false,0,"","","IMPROVE_LIVE"
"e46c6965-d6cf-4325-922e-15ae5cc849f0","arcada-baloane-majorat-bucuresti","https://www.kassia.ro/arcada-baloane-majorat-bucuresti","Arcadă Baloane Majorat București și Ilfov | Kassia Events","inactive",,true,true,200,"https://www.kassia.ro/arcada-baloane-majorat-bucuresti/",true,true,1,"","","KEEP_LIVE"
"21eee27f-f038-454c-a5e3-bfd19f2a97e0","pachet-animator-si-jocuri-copii-bucuresti","https://www.kassia.ro/pachet-animator-si-jocuri-copii-bucuresti","Animatori Petreceri Copii pachet animator si jocuri copii bucuresti - Kassia","inactive",,true,true,200,"https://www.kassia.ro/pachet-animator-si-jocuri-copii-bucuresti/",true,false,0,"","","IMPROVE_LIVE"
"63f13154-b657-471c-a110-4cf5879619ad","decoratiuni-baloane-pantelimon","https://www.kassia.ro/decoratiuni-baloane-pantelimon","Decoratiuni Baloane Pantelimon","inactive",,false,true,200,"https://www.kassia.ro/decoratiuni-baloane-pantelimon/",false,false,0,"","","ADD_TO_SITEMAP"
"01b5be4b-28d9-43b2-af4d-6ce4cb305776","decoratiuni-baloane-alb-auriu-bucuresti","https://www.kassia.ro/decoratiuni-baloane-alb-auriu-bucuresti","Decoratiuni Baloane Alb Auriu Bucuresti","inactive",,false,true,200,"https://www.kassia.ro/decoratiuni-baloane-alb-auriu-bucuresti/",false,true,1,"","","ADD_TO_SITEMAP"
"195ac345-40fa-4835-9ad7-09a4347d359f","idei-decor-baloane-mot-si-turta","https://www.kassia.ro/idei-decor-baloane-mot-si-turta","Idei decor baloane moț și turtă","inactive",,false,false,404,"https://www.kassia.ro/404/",false,false,0,"","","DO_NOT_TOUCH"
"70bb9458-0d4e-47c4-9795-94a2e211a884","idei-decor-baloane-nunta","https://www.kassia.ro/idei-decor-baloane-nunta","Idei decor baloane nuntă","inactive",,false,false,404,"https://www.kassia.ro/404/",false,false,0,"","","DO_NOT_TOUCH"
"aeb15c6d-09f4-4a2c-8e45-9a3d44903929","idei-decor-baloane-cununie","https://www.kassia.ro/idei-decor-baloane-cununie","Idei decor baloane cununie","inactive",,false,false,404,"https://www.kassia.ro/404/",false,false,0,"","","DO_NOT_TOUCH"
"cedce1f1-9b59-47d3-bd30-a64dc6ac99f0","idei-decor-baloane-baby-shower","https://www.kassia.ro/idei-decor-baloane-baby-shower","Idei decor baloane baby shower","inactive",,false,false,404,"https://www.kassia.ro/404/",false,false,0,"","","DO_NOT_TOUCH"
"5a2af065-10d2-45ca-b804-d42a93b0ee82","cu-cat-timp-inainte-se-comanda-decorul-cu-baloane","https://www.kassia.ro/cu-cat-timp-inainte-se-comanda-decorul-cu-baloane","Cu cât timp înainte se comandă decorul cu baloane?","inactive",,false,false,404,"https://www.kassia.ro/404/",false,false,0,"","","DO_NOT_TOUCH"
"fc3e3aa9-a6d7-429e-b264-d1e2f59d8ab0","animatori-zi-de-nastere-copii-bucuresti","https://www.kassia.ro/animatori-zi-de-nastere-copii-bucuresti","Animatori Petreceri Copii animatori zi de nastere copii bucuresti - Kassia","inactive",,false,true,200,"https://www.kassia.ro/animatori-zi-de-nastere-copii-bucuresti/",false,false,0,"","","ADD_TO_SITEMAP"
"170a9e6d-261d-4f49-b982-74d0ecfb21a1","decoratiuni-baloane-aniversare-adulti-bucuresti","https://www.kassia.ro/decoratiuni-baloane-aniversare-adulti-bucuresti","Decorațiuni Baloane Aniversare Adulți București","inactive",,true,true,200,"https://www.kassia.ro/decoratiuni-baloane-aniversare-adulti-bucuresti/",true,true,12,"","","KEEP_LIVE"
"c5df1a33-fdf8-4303-bf9e-966d6bf9029e","animatori-petrecere-baieti-bucuresti","https://www.kassia.ro/animatori-petrecere-baieti-bucuresti","Animatori Petreceri Copii animatori petrecere baieti bucuresti - Kassia","inactive",,false,true,200,"https://www.kassia.ro/animatori-petrecere-baieti-bucuresti/",false,false,0,"","","ADD_TO_SITEMAP"
"8abd73d0-5e66-4b86-b6d0-5b0e61d05d53","unde-se-poate-monta-o-arcada-de-baloane","https://www.kassia.ro/unde-se-poate-monta-o-arcada-de-baloane","Unde se poate monta o arcadă de baloane?","inactive",,false,false,404,"https://www.kassia.ro/404/",false,false,0,"","","DO_NOT_TOUCH"
"4af00eb2-37df-4e06-b026-01442bbb346c","cat-rezista-o-arcada-de-baloane","https://www.kassia.ro/cat-rezista-o-arcada-de-baloane","Cât rezistă o arcadă de baloane?","inactive",,false,false,404,"https://www.kassia.ro/404/",false,false,0,"","","DO_NOT_TOUCH"
"dd2231a4-e16f-490e-9353-d949412279a0","idei-arcada-baloane-pentru-evenimente","https://www.kassia.ro/idei-arcada-baloane-pentru-evenimente","Idei arcadă baloane evenimente","inactive",,false,false,404,"https://www.kassia.ro/404/",false,false,0,"","","DO_NOT_TOUCH"
"9da6b9fd-ac43-4883-9fba-bf517ffbdafc","baloane-heliu-cat-rezista","https://www.kassia.ro/baloane-heliu-cat-rezista","Baloane heliu cât rezistă","inactive",,false,false,404,"https://www.kassia.ro/404/",false,false,0,"","","DO_NOT_TOUCH"
"babdb50a-129c-41bf-b0a8-a99048329360","animatori-petrecere-tematica-copii-bucuresti","https://www.kassia.ro/animatori-petrecere-tematica-copii-bucuresti","Animatori Petreceri Copii animatori petrecere tematica copii bucuresti - Kassia","inactive",,true,true,200,"https://www.kassia.ro/animatori-petrecere-tematica-copii-bucuresti/",true,false,0,"","","IMPROVE_LIVE"
"14d98241-6375-40f0-9c32-42cdd1155658","baloane-heliu-latex-sau-folie","https://www.kassia.ro/baloane-heliu-latex-sau-folie","Baloane heliu latex sau folie","inactive",,false,false,404,"https://www.kassia.ro/404/",false,false,0,"","","DO_NOT_TOUCH"
"81ee9339-1a5d-4311-93fb-b3afe1ba59bf","cum-se-transporta-baloanele-cu-heliu","https://www.kassia.ro/cum-se-transporta-baloanele-cu-heliu","Cum se transportă baloanele cu heliu?","inactive",,false,false,404,"https://www.kassia.ro/404/",false,false,0,"","","DO_NOT_TOUCH"
"1ea380c1-5a88-449a-856c-9eaa79b41e49","baloane-cu-heliu-pentru-copii-idei","https://www.kassia.ro/baloane-cu-heliu-pentru-copii-idei","Baloane cu heliu pentru copii idei","inactive",,false,false,404,"https://www.kassia.ro/404/",false,false,0,"","","DO_NOT_TOUCH"
"7e567b67-f68d-4c1b-9a86-43035e1c17c8","animatori-petrecere-fetite-bucuresti","https://www.kassia.ro/animatori-petrecere-fetite-bucuresti","Animatori Petreceri Copii animatori petrecere fetite bucuresti - Kassia","inactive",,false,true,200,"https://www.kassia.ro/animatori-petrecere-fetite-bucuresti/",false,false,0,"","","ADD_TO_SITEMAP"
"3ff5ff95-c64e-4caa-92cd-92700eeab5b9","baloane-cu-heliu-pentru-majorat-idei","https://www.kassia.ro/baloane-cu-heliu-pentru-majorat-idei","Baloane cu heliu pentru majorat idei","inactive",,false,false,404,"https://www.kassia.ro/404/",false,false,0,"","","DO_NOT_TOUCH"
"e5058411-69b7-43a1-9df0-bc52fde4ac3f","animatori-petrecere-1-an-bucuresti","https://www.kassia.ro/animatori-petrecere-1-an-bucuresti","Animatori Petreceri Copii animatori petrecere 1 an bucuresti - Kassia","inactive",,false,true,200,"https://www.kassia.ro/animatori-petrecere-1-an-bucuresti/",false,false,0,"","","ADD_TO_SITEMAP"
"7b14690e-4e01-4878-8b6a-e91968dbc040","animatori-petrecere-2-ani-bucuresti","https://www.kassia.ro/animatori-petrecere-2-ani-bucuresti","Animatori Petreceri Copii animatori petrecere 2 ani bucuresti - Kassia","inactive",,false,true,200,"https://www.kassia.ro/animatori-petrecere-2-ani-bucuresti/",false,false,0,"","","ADD_TO_SITEMAP"
"26c4d597-fc63-4434-843f-26eb8f91b969","decoratiuni-baloane-corbeanca","https://www.kassia.ro/decoratiuni-baloane-corbeanca","Decoratiuni Baloane Corbeanca","inactive",,false,true,200,"https://www.kassia.ro/decoratiuni-baloane-corbeanca/",false,false,0,"","","ADD_TO_SITEMAP"
"ba675223-b5fb-4dc8-87ab-751096a65a08","decor-baloane-candy-bar-bucuresti","https://www.kassia.ro/decor-baloane-candy-bar-bucuresti","Decor Baloane Candy Bar Bucuresti","inactive",,false,true,200,"https://www.kassia.ro/decor-baloane-candy-bar-bucuresti/",false,false,0,"","","ADD_TO_SITEMAP"
"4b710884-0675-401d-b830-39d65ee6305b","decoratiuni-baloane-lansare-produs-bucuresti","https://www.kassia.ro/decoratiuni-baloane-lansare-produs-bucuresti","Decoratiuni Baloane Lansare Produs Bucuresti","inactive",,false,true,200,"https://www.kassia.ro/decoratiuni-baloane-lansare-produs-bucuresti/",false,true,1,"","","ADD_TO_SITEMAP"
"8e3d16d2-6039-4dda-81c1-a85e563699a0","idei-decor-baloane-botez","https://www.kassia.ro/idei-decor-baloane-botez","Idei decor baloane botez","inactive",,false,false,404,"https://www.kassia.ro/404/",false,false,0,"","","DO_NOT_TOUCH"
"7d2b1d1c-e9fa-4a12-8982-536d0e667354","decor-baloane-pastel-idei","https://www.kassia.ro/decor-baloane-pastel-idei","Decor baloane pastel idei","inactive",,false,false,404,"https://www.kassia.ro/404/",false,false,0,"","","DO_NOT_TOUCH"
"862b3a86-47dc-46d8-879c-0baacc1ed66f","decor-baloane-minimalist-sau-spectaculos","https://www.kassia.ro/decor-baloane-minimalist-sau-spectaculos","Decor baloane minimalist sau spectaculos","inactive",,false,false,404,"https://www.kassia.ro/404/",false,false,0,"","","DO_NOT_TOUCH"
"53f05ac8-92e1-4c78-a67a-e54cef46a81b","cum-comanzi-decoratiuni-cu-baloane","https://www.kassia.ro/cum-comanzi-decoratiuni-cu-baloane","Cum comanzi decorațiuni cu baloane?","inactive",,false,false,404,"https://www.kassia.ro/404/",false,false,0,"","","DO_NOT_TOUCH"
"02f95090-335e-4a91-876a-17a9a92b48a6","idei-decor-baloane-corporate","https://www.kassia.ro/idei-decor-baloane-corporate","Idei decor baloane corporate","inactive",,false,false,404,"https://www.kassia.ro/404/",false,false,0,"","","DO_NOT_TOUCH"
"ff72e6a8-fceb-40b1-bf52-682c3e7ad757","animatori-copii-sector-2","https://www.kassia.ro/animatori-copii-sector-2","Animatori Petreceri Copii animatori copii sector 2 - Kassia","inactive",,false,true,200,"https://www.kassia.ro/animatori-petreceri-copii-sector-2/",true,false,0,"","","ADD_TO_SITEMAP"
"b088f29a-ac94-4c69-8180-184824a182ce","animatori-petrecere-copii-iarna-bucuresti","https://www.kassia.ro/animatori-petrecere-copii-iarna-bucuresti","Animatori Petreceri Copii animatori petrecere copii iarna bucuresti - Kassia","inactive",,false,true,200,"https://www.kassia.ro/animatori-petrecere-copii-iarna-bucuresti/",false,false,0,"","","ADD_TO_SITEMAP"
"19c6b65d-d903-4a10-998e-a28113c763e3","animatori-copii-sector-1","https://www.kassia.ro/animatori-copii-sector-1","Animatori Petreceri Copii animatori copii sector 1 - Kassia","inactive",,false,true,200,"https://www.kassia.ro/animatori-petreceri-copii-sector-1/",true,false,0,"","","ADD_TO_SITEMAP"
"7650eec5-bc39-4c0d-b60f-cfe19a47916d","idei-decor-baloane-gender-reveal","https://www.kassia.ro/idei-decor-baloane-gender-reveal","Idei decor baloane gender reveal","inactive",,false,false,404,"https://www.kassia.ro/404/",false,false,0,"","","DO_NOT_TOUCH"
"8e033e38-0f2d-486f-ada7-e4727433bee7","se-pot-monta-decoratiuni-cu-baloane-in-exterior","https://www.kassia.ro/se-pot-monta-decoratiuni-cu-baloane-in-exterior","Decorațiuni baloane exterior","inactive",,false,false,404,"https://www.kassia.ro/404/",false,false,0,"","","DO_NOT_TOUCH"
"8a8c86c7-240c-437e-91ac-7995ef737aec","politica-de-confidentialitate","https://www.kassia.ro/politica-de-confidentialitate","Politica De Confidentialitate","inactive",,false,true,200,"https://www.kassia.ro/politica-de-confidentialitate/",false,false,0,"","","ADD_TO_SITEMAP"
"f1a2d500-cd4b-49b0-870c-fc7729513075","decoratiuni-baloane-cotroceni","https://www.kassia.ro/decoratiuni-baloane-cotroceni","Decoratiuni Baloane Cotroceni","inactive",,false,true,200,"https://www.kassia.ro/decoratiuni-baloane-cotroceni/",false,false,0,"","","ADD_TO_SITEMAP"
"ce3a0d28-6985-474c-a3c4-119add4e042f","decor-baloane-roz-auriu-idei","https://www.kassia.ro/decor-baloane-roz-auriu-idei","Decor baloane roz auriu idei","inactive",,false,false,404,"https://www.kassia.ro/404/",false,false,0,"","","DO_NOT_TOUCH"
"dba64407-1ca8-4a68-8a26-4b4e56f45883","decor-baloane-alb-auriu-idei","https://www.kassia.ro/decor-baloane-alb-auriu-idei","Decor baloane alb auriu idei","inactive",,false,false,404,"https://www.kassia.ro/404/",false,false,0,"","","DO_NOT_TOUCH"
"15cb73d9-c846-4dfc-bd49-b7720ace323b","cum-se-face-montajul-decoratiunilor-cu-baloane","https://www.kassia.ro/cum-se-face-montajul-decoratiunilor-cu-baloane","Montaj decorațiuni baloane","inactive",,false,false,404,"https://www.kassia.ro/404/",false,false,0,"","","DO_NOT_TOUCH"
"c3b324b3-8442-497a-9e49-243905ff516a","ce-se-intampla-cu-decorul-dupa-eveniment","https://www.kassia.ro/ce-se-intampla-cu-decorul-dupa-eveniment","Ce se întâmplă cu decorul după eveniment?","inactive",,false,false,404,"https://www.kassia.ro/404/",false,false,0,"","","DO_NOT_TOUCH"
"7ebe8aa0-1092-4b6e-b784-83763e94846c","ce-informatii-trebuie-sa-trimiti-pentru-o-oferta","https://www.kassia.ro/ce-informatii-trebuie-sa-trimiti-pentru-o-oferta","Ce informații trebuie să trimiți pentru ofertă decor baloane?","inactive",,false,false,404,"https://www.kassia.ro/404/",false,false,0,"","","DO_NOT_TOUCH"
"6c2f29d6-5158-4017-bed8-c428f919d6fc","candy-bar-cu-decor-de-baloane-idei","https://www.kassia.ro/candy-bar-cu-decor-de-baloane-idei","Candy bar cu decor de baloane idei","inactive",,false,false,404,"https://www.kassia.ro/404/",false,false,0,"","","DO_NOT_TOUCH"
"568e7fe2-18c4-446e-be85-e8c646dbc14f","cifre-si-litere-din-baloane-cand-se-folosesc","https://www.kassia.ro/cifre-si-litere-din-baloane-cand-se-folosesc","Cifre și litere din baloane","inactive",,false,false,404,"https://www.kassia.ro/404/",false,false,0,"","","DO_NOT_TOUCH"
"22a0a3d1-8b80-497f-8a76-99561e63040a","decoratiuni-baloane-voluntari","https://www.kassia.ro/decoratiuni-baloane-voluntari","Decoratiuni Baloane Voluntari","inactive",,false,true,200,"https://www.kassia.ro/decoratiuni-baloane-voluntari/",false,false,0,"","","ADD_TO_SITEMAP"
"559f609e-7064-46a1-b853-ca74ae0c44aa","cate-baloane-cu-heliu-sunt-necesare-pentru-o-camera","https://www.kassia.ro/cate-baloane-cu-heliu-sunt-necesare-pentru-o-camera","Câte baloane cu heliu sunt necesare pentru o cameră?","inactive",,false,false,404,"https://www.kassia.ro/404/",false,false,0,"","","DO_NOT_TOUCH"
"982f487b-9146-4035-841b-6dbb89730a08","cum-alegi-culorile-pentru-decorul-cu-baloane","https://www.kassia.ro/cum-alegi-culorile-pentru-decorul-cu-baloane","Cum alegi culorile pentru decorul cu baloane?","inactive",,false,false,404,"https://www.kassia.ro/404/",false,false,0,"","","DO_NOT_TOUCH"
"ccf53369-1a17-46d8-b924-f054195d1fed","decor-baloane-luxury-idei","https://www.kassia.ro/decor-baloane-luxury-idei","Decor baloane luxury idei","inactive",,false,false,404,"https://www.kassia.ro/404/",false,false,0,"","","DO_NOT_TOUCH"
"215fd891-2664-4b0b-857c-4414ddc2aaa3","galerie","https://www.kassia.ro/galerie","Galerie","inactive",,false,true,200,"https://www.kassia.ro/galerie/",false,true,437,"","","ADD_TO_SITEMAP"
"3a2ecdef-c568-4912-a6b8-8c80264d4ee9","animatori-petrecere-4-ani-bucuresti","https://www.kassia.ro/animatori-petrecere-4-ani-bucuresti","Animatori Petreceri Copii animatori petrecere 4 ani bucuresti - Kassia","inactive",,false,true,200,"https://www.kassia.ro/animatori-petrecere-4-ani-bucuresti/",false,false,0,"","","ADD_TO_SITEMAP"
"f108e5f0-06e4-45b9-895b-5db61bb9b587","animatori-petrecere-8-ani-bucuresti","https://www.kassia.ro/animatori-petrecere-8-ani-bucuresti","Animatori Petreceri Copii animatori petrecere 8 ani bucuresti - Kassia","inactive",,false,true,200,"https://www.kassia.ro/animatori-petrecere-8-ani-bucuresti/",false,false,0,"","","ADD_TO_SITEMAP"
"ddd2fb45-9653-4da1-a280-157606b35723","animatori-petrecere-10-ani-bucuresti","https://www.kassia.ro/animatori-petrecere-10-ani-bucuresti","Animatori Petreceri Copii animatori petrecere 10 ani bucuresti - Kassia","inactive",,false,true,200,"https://www.kassia.ro/animatori-petrecere-10-ani-bucuresti/",false,false,0,"","","ADD_TO_SITEMAP"
"1eca87cd-1b41-494b-b30e-e616f380ce67","animatori-petrecere-11-ani-bucuresti","https://www.kassia.ro/animatori-petrecere-11-ani-bucuresti","Animatori Petreceri Copii animatori petrecere 11 ani bucuresti - Kassia","inactive",,false,true,200,"https://www.kassia.ro/animatori-petrecere-11-ani-bucuresti/",false,false,0,"","","ADD_TO_SITEMAP"
"dbeb0cd2-b955-42fd-a96f-3ab2b679fb2f","animatori-copii-herastrau","https://www.kassia.ro/animatori-copii-herastrau","Animatori Petreceri Copii animatori copii herastrau - Kassia","inactive",,false,true,200,"https://www.kassia.ro/animatori-copii-herastrau/",false,false,0,"","","ADD_TO_SITEMAP"
"533c0c03-ba23-4106-9b8c-e6594de5f176","animatori-copii-sector-4","https://www.kassia.ro/animatori-copii-sector-4","Animatori Petreceri Copii animatori copii sector 4 - Kassia","inactive",,false,true,200,"https://www.kassia.ro/animatori-petreceri-copii-sector-4/",true,false,0,"","","ADD_TO_SITEMAP"
"d622299b-7bc6-4d59-97cf-3923d934b597","animatori-copii-sector-5","https://www.kassia.ro/animatori-copii-sector-5","Animatori Petreceri Copii animatori copii sector 5 - Kassia","inactive",,false,true,200,"https://www.kassia.ro/animatori-petreceri-copii-sector-5/",true,false,0,"","","ADD_TO_SITEMAP"
"1298c3a7-49d2-4754-896d-2c0d021a48d0","animatori-petrecere-surpriza-copii-bucuresti","https://www.kassia.ro/animatori-petrecere-surpriza-copii-bucuresti","Animatori Petreceri Copii animatori petrecere surpriza copii bucuresti - Kassia","inactive",,false,true,200,"https://www.kassia.ro/animatori-petrecere-surpriza-copii-bucuresti/",false,false,0,"","","ADD_TO_SITEMAP"
"3e04c672-222b-4a95-891a-72404bbc0f5b","animatori-copii-sector-3","https://www.kassia.ro/animatori-copii-sector-3","Animatori Petreceri Copii animatori copii sector 3 - Kassia","inactive",,false,true,200,"https://www.kassia.ro/animatori-petreceri-copii-sector-3/",true,false,0,"","","ADD_TO_SITEMAP"
"97fb3aa2-9216-4313-9da6-6fccc042c2b2","animatori-copii-floreasca","https://www.kassia.ro/animatori-copii-floreasca","Animatori Petreceri Copii animatori copii floreasca - Kassia","inactive",,false,true,200,"https://www.kassia.ro/animatori-copii-floreasca/",false,false,0,"","","ADD_TO_SITEMAP"
"57b50e1d-b5be-4555-bb05-39baf08787dc","animatori-copii-colentina","https://www.kassia.ro/animatori-copii-colentina","Animatori Petreceri Copii animatori copii colentina - Kassia","inactive",,false,true,200,"https://www.kassia.ro/animatori-copii-colentina/",false,false,0,"","","ADD_TO_SITEMAP"
"58a3f173-6556-4f8d-bf1d-3d60676fdccf","animatori-copii-tineretului","https://www.kassia.ro/animatori-copii-tineretului","Animatori Petreceri Copii animatori copii tineretului - Kassia","inactive",,false,true,200,"https://www.kassia.ro/animatori-copii-tineretului/",false,false,0,"","","ADD_TO_SITEMAP"
"e0ae37dc-4e49-44ff-815c-4287a307afac","animatori-copii-dristor","https://www.kassia.ro/animatori-copii-dristor","Animatori Petreceri Copii animatori copii dristor - Kassia","inactive",,false,true,200,"https://www.kassia.ro/animatori-copii-dristor/",false,false,0,"","","ADD_TO_SITEMAP"
"9c5b8a38-9a15-465a-81ee-c1d04225219d","animatori-copii-vitan","https://www.kassia.ro/animatori-copii-vitan","Animatori Petreceri Copii animatori copii vitan - Kassia","inactive",,false,true,200,"https://www.kassia.ro/animatori-copii-vitan/",false,false,0,"","","ADD_TO_SITEMAP"
"1b4ef572-c062-425e-a740-36edaf8dc7aa","animatori-copii-obor","https://www.kassia.ro/animatori-copii-obor","Animatori Petreceri Copii animatori copii obor - Kassia","inactive",,false,true,200,"https://www.kassia.ro/animatori-copii-obor/",false,false,0,"","","ADD_TO_SITEMAP"
"6fb95658-046d-4409-96b2-570b84ff13df","animatori-copii-iancului","https://www.kassia.ro/animatori-copii-iancului","Animatori Petreceri Copii animatori copii iancului - Kassia","inactive",,false,true,200,"https://www.kassia.ro/animatori-copii-iancului/",false,false,0,"","","ADD_TO_SITEMAP"
"8b5b1010-e8ff-4d3d-a3d3-31c0fa50c624","animatori-copii-muncii","https://www.kassia.ro/animatori-copii-muncii","Animatori Petreceri Copii animatori copii muncii - Kassia","inactive",,false,true,200,"https://www.kassia.ro/animatori-copii-muncii/",false,false,0,"","","ADD_TO_SITEMAP"
"61c3319f-6b7c-47a9-96a0-68ed5d21095c","animatori-copii-salajan","https://www.kassia.ro/animatori-copii-salajan","Animatori Petreceri Copii animatori copii salajan - Kassia","inactive",,false,true,200,"https://www.kassia.ro/animatori-copii-salajan/",false,false,0,"","","ADD_TO_SITEMAP"
"36364872-1885-438d-93bc-3e2838e0699e","animatori-copii-ozana","https://www.kassia.ro/animatori-copii-ozana","Animatori Petreceri Copii animatori copii ozana - Kassia","inactive",,false,true,200,"https://www.kassia.ro/animatori-copii-ozana/",false,false,0,"","","ADD_TO_SITEMAP"
"cbe2706b-498d-4c3f-bcb4-d7cfa5033224","animatori-copii-berceni","https://www.kassia.ro/animatori-copii-berceni","Animatori Petreceri Copii animatori copii berceni - Kassia","inactive",,false,true,200,"https://www.kassia.ro/animatori-copii-berceni/",false,false,0,"","","ADD_TO_SITEMAP"
"b8377bc3-2214-4dfe-8e92-cfccbab40e52","animatori-copii-brancoveanu","https://www.kassia.ro/animatori-copii-brancoveanu","Animatori Petreceri Copii animatori copii brancoveanu - Kassia","inactive",,false,true,200,"https://www.kassia.ro/animatori-copii-brancoveanu/",false,false,0,"","","ADD_TO_SITEMAP"
"c1614c02-4244-47c6-931e-1976c28b1421","animatori-copii-oltenitei","https://www.kassia.ro/animatori-copii-oltenitei","Animatori Petreceri Copii animatori copii oltenitei - Kassia","inactive",,false,true,200,"https://www.kassia.ro/animatori-copii-oltenitei/",false,false,0,"","","ADD_TO_SITEMAP"
"91855569-7fb2-4990-8025-0a981f8441b6","animatori-copii-titan","https://www.kassia.ro/animatori-copii-titan","Animatori Petreceri Copii animatori copii titan - Kassia","inactive",,false,true,200,"https://www.kassia.ro/animatori-copii-titan/",false,false,0,"","","ADD_TO_SITEMAP"
"02f3e3f1-7358-4d59-8ce4-792d377f0885","animatori-copii-tei","https://www.kassia.ro/animatori-copii-tei","Animatori Petreceri Copii animatori copii tei - Kassia","inactive",,false,true,200,"https://www.kassia.ro/animatori-copii-tei/",false,false,0,"","","ADD_TO_SITEMAP"
"956719c3-e4c2-4f85-9d2d-4fa494717f78","animatori-copii-aparatorii-patriei","https://www.kassia.ro/animatori-copii-aparatorii-patriei","Animatori Petreceri Copii animatori copii aparatorii patriei - Kassia","inactive",,false,true,200,"https://www.kassia.ro/animatori-copii-aparatorii-patriei/",false,false,0,"","","ADD_TO_SITEMAP"
"0992be84-e3db-479d-aa71-2d1f6c38d7bb","animatori-copii-piata-sudului","https://www.kassia.ro/animatori-copii-piata-sudului","Animatori Petreceri Copii animatori copii piata sudului - Kassia","inactive",,false,true,200,"https://www.kassia.ro/animatori-copii-piata-sudului/",false,false,0,"","","ADD_TO_SITEMAP"
"654a8068-1d25-4353-a349-736f2dacbf97","animatori-copii-crangasi","https://www.kassia.ro/animatori-copii-crangasi","Animatori Petreceri Copii animatori copii crangasi - Kassia","inactive",,false,true,200,"https://www.kassia.ro/animatori-copii-crangasi/",false,false,0,"","","ADD_TO_SITEMAP"
"f712be37-d3dc-44ca-b574-1e23232333c9","animatori-copii-grozavesti","https://www.kassia.ro/animatori-copii-grozavesti","Animatori Petreceri Copii animatori copii grozavesti - Kassia","inactive",,false,true,200,"https://www.kassia.ro/animatori-copii-grozavesti/",false,false,0,"","","ADD_TO_SITEMAP"
"88e93ec1-759d-44cb-8165-4eea63e8436c","animatori-copii-victoriei","https://www.kassia.ro/animatori-copii-victoriei","Animatori Petreceri Copii animatori copii victoriei - Kassia","inactive",,false,true,200,"https://www.kassia.ro/animatori-copii-victoriei/",false,false,0,"","","ADD_TO_SITEMAP"
"6fc24f43-9cda-49c3-8224-85e2ce8579b3","animatori-copii-bragadiru","https://www.kassia.ro/animatori-copii-bragadiru","Animatori Petreceri Copii animatori copii bragadiru - Kassia","inactive",,false,true,200,"https://www.kassia.ro/animatori-copii-bragadiru/",false,false,0,"","","ADD_TO_SITEMAP"
"d9dd73e8-eaf8-4f78-a467-a9c85f9d6fd0","animatori-copii-mosilor","https://www.kassia.ro/animatori-copii-mosilor","Animatori Petreceri Copii animatori copii mosilor - Kassia","inactive",,false,true,200,"https://www.kassia.ro/animatori-copii-mosilor/",false,false,0,"","","ADD_TO_SITEMAP"
"949d790e-c73c-4e67-b534-a507ffde665a","animatori-copii-unirii","https://www.kassia.ro/animatori-copii-unirii","Animatori Petreceri Copii animatori copii unirii - Kassia","inactive",,false,true,200,"https://www.kassia.ro/animatori-copii-unirii/",false,false,0,"","","ADD_TO_SITEMAP"
"30996b9f-3685-4621-bffc-fa90a40c1d79","animatori-aniversari-copii-bucuresti","https://www.kassia.ro/animatori-aniversari-copii-bucuresti","Animatori Petreceri Copii animatori aniversari copii bucuresti - Kassia","inactive",,false,true,200,"https://www.kassia.ro/animatori-aniversari-copii-bucuresti/",false,false,0,"","","ADD_TO_SITEMAP"
"0e095c40-67cb-477d-a1dc-cb4f62eb67a9","animatori-copii-giurgiului","https://www.kassia.ro/animatori-copii-giurgiului","Animatori Petreceri Copii animatori copii giurgiului - Kassia","inactive",,false,true,200,"https://www.kassia.ro/animatori-copii-giurgiului/",false,false,0,"","","ADD_TO_SITEMAP"
"a12b4d6f-6d0c-4d11-9458-2ce105ff0733","animatori-copii-vacaresti","https://www.kassia.ro/animatori-copii-vacaresti","Animatori Petreceri Copii animatori copii vacaresti - Kassia","inactive",,false,true,200,"https://www.kassia.ro/animatori-copii-vacaresti/",false,false,0,"","","ADD_TO_SITEMAP"
"a749a6c0-0a4c-4fe0-afca-b8a78f3d8d61","animatori-copii-cotroceni","https://www.kassia.ro/animatori-copii-cotroceni","Animatori Petreceri Copii animatori copii cotroceni - Kassia","inactive",,false,true,200,"https://www.kassia.ro/animatori-copii-cotroceni/",false,false,0,"","","ADD_TO_SITEMAP"
"d5c8ad51-3b71-4d31-a3a3-dd768af549c2","animatori-copii-rahova","https://www.kassia.ro/animatori-copii-rahova","Animatori Petreceri Copii animatori copii rahova - Kassia","inactive",,false,true,200,"https://www.kassia.ro/animatori-copii-rahova/",false,false,0,"","","ADD_TO_SITEMAP"
"15012a48-7bb5-4158-bf06-d07e187c91bb","animatori-copii-13-septembrie","https://www.kassia.ro/animatori-copii-13-septembrie","Animatori Petreceri Copii animatori copii 13 septembrie - Kassia","inactive",,false,true,200,"https://www.kassia.ro/animatori-copii-13-septembrie/",false,false,0,"","","ADD_TO_SITEMAP"
"1947824e-d870-4c39-b3aa-41f86ea4b0f4","animatori-copii-ferentari","https://www.kassia.ro/animatori-copii-ferentari","Animatori Petreceri Copii animatori copii ferentari - Kassia","inactive",,false,true,200,"https://www.kassia.ro/animatori-copii-ferentari/",false,false,0,"","","ADD_TO_SITEMAP"
"0fb55065-4ccb-44b9-983a-7951e4bfcfe9","animatori-copii-regie","https://www.kassia.ro/animatori-copii-regie","Animatori Petreceri Copii animatori copii regie - Kassia","inactive",,false,true,200,"https://www.kassia.ro/animatori-copii-regie/",false,false,0,"","","ADD_TO_SITEMAP"
"6a16dcf9-3c32-47df-bd70-112eee079c0d","animatori-copii-ghencea","https://www.kassia.ro/animatori-copii-ghencea","Animatori Petreceri Copii animatori copii ghencea - Kassia","inactive",,false,true,200,"https://www.kassia.ro/animatori-copii-ghencea/",false,false,0,"","","ADD_TO_SITEMAP"
"b8ed2e61-b68d-42ac-892d-aab8d92807a5","animatori-petrecere-copii-weekend-bucuresti","https://www.kassia.ro/animatori-petrecere-copii-weekend-bucuresti","Animatori Petreceri Copii animatori petrecere copii weekend bucuresti - Kassia","inactive",,false,true,200,"https://www.kassia.ro/animatori-petrecere-copii-weekend-bucuresti/",false,false,0,"","","ADD_TO_SITEMAP"
"1074d72c-c4c2-404a-bf0a-ca8d0a620734","animatori-copii-nicolae-grigorescu","https://www.kassia.ro/animatori-copii-nicolae-grigorescu","Animatori Petreceri Copii animatori copii nicolae grigorescu - Kassia","inactive",,false,true,200,"https://www.kassia.ro/animatori-copii-nicolae-grigorescu/",false,false,0,"","","ADD_TO_SITEMAP"
"37d4acd7-3f49-4528-836d-36d5dc37072e","animatori-copii-lujerului","https://www.kassia.ro/animatori-copii-lujerului","Animatori Petreceri Copii animatori copii lujerului - Kassia","inactive",,false,true,200,"https://www.kassia.ro/animatori-copii-lujerului/",false,false,0,"","","ADD_TO_SITEMAP"
"f1a8a0ad-ba5c-45a8-b2ad-6459673bcf57","animatori-copii-domenii","https://www.kassia.ro/animatori-copii-domenii","Animatori Petreceri Copii animatori copii domenii - Kassia","inactive",,false,true,200,"https://www.kassia.ro/animatori-copii-domenii/",false,false,0,"","","ADD_TO_SITEMAP"
"8114f9da-d814-4f45-b77b-64cab95d23c4","animatori-copii-universitate","https://www.kassia.ro/animatori-copii-universitate","Animatori Petreceri Copii animatori copii universitate - Kassia","inactive",,false,true,200,"https://www.kassia.ro/animatori-copii-universitate/",false,false,0,"","","ADD_TO_SITEMAP"
"1c0f0545-b558-46b2-931d-691af3724497","animatori-copii-drumul-taberei","https://www.kassia.ro/animatori-copii-drumul-taberei","Animatori Petreceri Copii animatori copii drumul taberei - Kassia","inactive",,false,true,200,"https://www.kassia.ro/animatori-copii-drumul-taberei/",false,false,0,"","","ADD_TO_SITEMAP"
"d01332bf-47e5-4dd3-9170-4d2fb997976d","animatori-copii-chitila","https://www.kassia.ro/animatori-copii-chitila","Animatori Petreceri Copii animatori copii chitila - Kassia","inactive",,false,true,200,"https://www.kassia.ro/animatori-copii-chitila/",false,false,0,"","","ADD_TO_SITEMAP"
"f0b39e18-af00-404b-ba33-e433aef8b982","animatori-scoala-bucuresti","https://www.kassia.ro/animatori-scoala-bucuresti","Animatori școală București | Banchete și serbări | Kassia","inactive",,true,true,200,"https://www.kassia.ro/animatori-scoala-bucuresti/",true,false,0,"","","IMPROVE_LIVE"
"53d4dcb6-86e8-4533-ae4a-5ba1f1ca0f2e","mini-disco-copii-bucuresti","https://www.kassia.ro/mini-disco-copii-bucuresti","Mini-Disco și Coregrafii Muzicale pentru Copii in Bucuresti","inactive",,true,true,200,"https://www.kassia.ro/mini-disco-copii-bucuresti/",true,true,824,"","","KEEP_LIVE"
"ee481004-d1b9-41b3-b3ff-f6d26590aee1","animatori-copii-primaverii","https://www.kassia.ro/animatori-copii-primaverii","Animatori Petreceri Copii animatori copii primaverii - Kassia","inactive",,false,true,200,"https://www.kassia.ro/animatori-copii-primaverii/",false,false,0,"","","ADD_TO_SITEMAP"
"0e682236-b5ae-40d8-ad36-74906f6febe4","animatori-copii-pantelimon-bucuresti","https://www.kassia.ro/animatori-copii-pantelimon-bucuresti","Animatori Petreceri Copii animatori copii pantelimon bucuresti - Kassia","inactive",,false,true,200,"https://www.kassia.ro/animatori-copii-pantelimon-bucuresti/",false,false,0,"","","ADD_TO_SITEMAP"
"441aef09-007e-4305-ac80-9862a5f94541","animatori-copii-militari","https://www.kassia.ro/animatori-copii-militari","Animatori Petreceri Copii animatori copii militari - Kassia","inactive",,false,true,200,"https://www.kassia.ro/animatori-copii-militari/",false,false,0,"","","ADD_TO_SITEMAP"
"80c6120f-7263-4b32-b884-92a03c0f1650","animatori-copii-giulesti","https://www.kassia.ro/animatori-copii-giulesti","Animatori Petreceri Copii animatori copii giulesti - Kassia","inactive",,false,true,200,"https://www.kassia.ro/animatori-copii-giulesti/",false,false,0,"","","ADD_TO_SITEMAP"
"69c6f09f-11c3-422d-83b9-6c29d184835e","animatori-copii-romana","https://www.kassia.ro/animatori-copii-romana","Animatori Petreceri Copii animatori copii romana - Kassia","inactive",,false,true,200,"https://www.kassia.ro/animatori-copii-romana/",false,false,0,"","","ADD_TO_SITEMAP"
"7168a6fb-8fa1-4168-b68d-8c1f47007092","animatori-copii-buftea","https://www.kassia.ro/animatori-copii-buftea","Animatori Petreceri Copii animatori copii buftea - Kassia","inactive",,false,true,200,"https://www.kassia.ro/animatori-copii-buftea/",false,false,0,"","","ADD_TO_SITEMAP"
"5b6c8a48-9f5d-4ba8-861e-eb0b3b8fcdb8","animatori-copii-branesti","https://www.kassia.ro/animatori-copii-branesti","Animatori Petreceri Copii animatori copii branesti - Kassia","inactive",,false,true,200,"https://www.kassia.ro/animatori-copii-branesti/",false,false,0,"","","ADD_TO_SITEMAP"
"f275ff4d-f6c6-4aee-bf9a-46d560e8dd12","animatori-copii-dascalu","https://www.kassia.ro/animatori-copii-dascalu","Animatori Petreceri Copii animatori copii dascalu - Kassia","inactive",,false,true,200,"https://www.kassia.ro/animatori-copii-dascalu/",false,false,0,"","","ADD_TO_SITEMAP"
"42333b77-579d-4808-af77-1dff642323b1","animatori-copii-gradistea","https://www.kassia.ro/animatori-copii-gradistea","Animatori Petreceri Copii animatori copii gradistea - Kassia","inactive",,false,true,200,"https://www.kassia.ro/animatori-copii-gradistea/",false,false,0,"","","ADD_TO_SITEMAP"
"d649e959-8844-4abd-9666-d97f810382de","animatori-copii-nuci","https://www.kassia.ro/animatori-copii-nuci","Animatori Petreceri Copii animatori copii nuci - Kassia","inactive",,false,true,200,"https://www.kassia.ro/animatori-copii-nuci/",false,false,0,"","","ADD_TO_SITEMAP"
"13c1ed87-b2b8-4ad5-b258-1f27774a04d5","animatori-copii-petrachioaia","https://www.kassia.ro/animatori-copii-petrachioaia","Animatori Petreceri Copii animatori copii petrachioaia - Kassia","inactive",,false,true,200,"https://www.kassia.ro/animatori-copii-petrachioaia/",false,false,0,"","","ADD_TO_SITEMAP"
"258d1bce-11d7-4a70-8630-2e151c2d77ca","animatori-copii-stefanestii-de-jos","https://www.kassia.ro/animatori-copii-stefanestii-de-jos","Animatori Petreceri Copii animatori copii stefanestii de jos - Kassia","inactive",,false,true,200,"https://www.kassia.ro/animatori-copii-stefanestii-de-jos/",false,false,0,"","","ADD_TO_SITEMAP"
"2bad9e69-b4d1-4c79-9be6-41b35641edd6","animatori-copii-magurele","https://www.kassia.ro/animatori-copii-magurele","Animatori Petreceri Copii animatori copii magurele - Kassia","inactive",,false,true,200,"https://www.kassia.ro/animatori-copii-magurele/",false,false,0,"","","ADD_TO_SITEMAP"
"57a509a4-dc0b-4e49-9bdb-634ca34a59e8","animatori-copii-popesti-leordeni","https://www.kassia.ro/animatori-copii-popesti-leordeni","Animatori Petreceri Copii animatori copii popesti leordeni - Kassia","inactive",,false,true,200,"https://www.kassia.ro/animatori-copii-popesti-leordeni/",false,false,0,"","","ADD_TO_SITEMAP"
"e752ddc2-0739-4597-89c0-ef3526e63711","animatori-copii-berceni-ilfov-legacy","https://www.kassia.ro/animatori-copii-berceni-ilfov-legacy","Animatori Petreceri Copii animatori copii berceni ilfov - Kassia","inactive",,false,false,404,"https://www.kassia.ro/404/",false,false,0,"","","DO_NOT_TOUCH"
"8c346760-86c4-40c1-9699-1ca77745001b","animatori-copii-dobroesti","https://www.kassia.ro/animatori-copii-dobroesti","Animatori Petreceri Copii animatori copii dobroesti - Kassia","inactive",,false,true,200,"https://www.kassia.ro/animatori-copii-dobroesti/",false,false,0,"","","ADD_TO_SITEMAP"
"cc6498a0-4218-42de-bd30-c878630e0328","animatori-copii-tunari","https://www.kassia.ro/animatori-copii-tunari","Animatori Petreceri Copii animatori copii tunari - Kassia","inactive",,false,true,200,"https://www.kassia.ro/animatori-copii-tunari/",false,false,0,"","","ADD_TO_SITEMAP"
"f45f1d21-d7db-4338-978f-e7943d2d4fc0","animatori-printese-bucuresti","https://www.kassia.ro/animatori-printese-bucuresti","Animatori Petreceri Copii animatori printese bucuresti - Kassia","inactive",,true,true,200,"https://www.kassia.ro/animatori-printese-bucuresti/",true,false,0,"","","IMPROVE_LIVE"
"540f9e1e-f11e-417e-a8d9-42bc07c8d439","animatori-copii-afumati","https://www.kassia.ro/animatori-copii-afumati","Animatori Petreceri Copii animatori copii afumati - Kassia","inactive",,false,true,200,"https://www.kassia.ro/animatori-copii-afumati/",false,false,0,"","","ADD_TO_SITEMAP"
"c79ead7a-9dc6-4f46-9af9-8fcf05531c90","animatori-copii-copaceni","https://www.kassia.ro/animatori-copii-copaceni","Animatori Petreceri Copii animatori copii copaceni - Kassia","inactive",,false,true,200,"https://www.kassia.ro/animatori-copii-copaceni/",false,false,0,"","","ADD_TO_SITEMAP"
"d34492a1-1fec-4941-949f-fade734f48d3","animatori-copii-ganeasa","https://www.kassia.ro/animatori-copii-ganeasa","Animatori Petreceri Copii animatori copii ganeasa - Kassia","inactive",,false,true,200,"https://www.kassia.ro/animatori-copii-ganeasa/",false,false,0,"","","ADD_TO_SITEMAP"
"b77793c2-b7b8-4ff1-a218-c2b1a06220b5","animatori-copii-moara-vlasiei","https://www.kassia.ro/animatori-copii-moara-vlasiei","Animatori Petreceri Copii animatori copii moara vlasiei - Kassia","inactive",,false,true,200,"https://www.kassia.ro/animatori-copii-moara-vlasiei/",false,false,0,"","","ADD_TO_SITEMAP"
"b715a6c3-ecb5-49d6-9361-076b2436b15f","animatori-copii-peris","https://www.kassia.ro/animatori-copii-peris","Animatori Petreceri Copii animatori copii peris - Kassia","inactive",,false,true,200,"https://www.kassia.ro/animatori-copii-peris/",false,false,0,"","","ADD_TO_SITEMAP"
"f33e94c0-807c-473b-a5b2-fd62ad7ba221","animatori-copii-otopeni","https://www.kassia.ro/animatori-copii-otopeni","Animatori Petreceri Copii animatori copii otopeni - Kassia","inactive",,false,true,200,"https://www.kassia.ro/animatori-copii-otopeni/",false,false,0,"","","ADD_TO_SITEMAP"
"2666fab7-5ffe-49bf-8f15-368db107b5d1","animatori-copii-corbeanca","https://www.kassia.ro/animatori-copii-corbeanca","Animatori Petreceri Copii animatori copii corbeanca - Kassia","inactive",,false,true,200,"https://www.kassia.ro/animatori-copii-corbeanca/",false,false,0,"","","ADD_TO_SITEMAP"
"1e936b06-f607-4f57-a8bf-31acd6c7babc","animatori-copii-darasti-ilfov","https://www.kassia.ro/animatori-copii-darasti-ilfov","Animatori Petreceri Copii animatori copii darasti ilfov - Kassia","inactive",,false,true,200,"https://www.kassia.ro/animatori-copii-darasti-ilfov/",false,false,0,"","","ADD_TO_SITEMAP"
"432d607e-4be2-494e-9bfc-004ae0163c36","animatori-copii-snagov","https://www.kassia.ro/animatori-copii-snagov","Animatori Petreceri Copii animatori copii snagov - Kassia","inactive",,false,true,200,"https://www.kassia.ro/animatori-copii-snagov/",false,false,0,"","","ADD_TO_SITEMAP"
"c0879b60-7f8d-4be2-af4b-ef1fad77a1cd","animatori-clovni-bucuresti","https://www.kassia.ro/animatori-clovni-bucuresti","Animatori clovni București | Petreceri copii | Kassia","inactive",,true,true,200,"https://www.kassia.ro/animatori-clovni-bucuresti/",true,false,0,"","","IMPROVE_LIVE"
"ffb4951c-658a-491d-9b9d-0f1b97eefd2f","animatori-copii-cernica","https://www.kassia.ro/animatori-copii-cernica","Animatori Petreceri Copii animatori copii cernica - Kassia","inactive",,false,true,200,"https://www.kassia.ro/animatori-copii-cernica/",false,false,0,"","","ADD_TO_SITEMAP"
"4efc48d5-9c36-470b-9bf3-ca41690bbf2d","animatori-copii-ciorogarla","https://www.kassia.ro/animatori-copii-ciorogarla","Animatori Petreceri Copii animatori copii ciorogarla - Kassia","inactive",,false,true,200,"https://www.kassia.ro/animatori-copii-ciorogarla/",false,false,0,"","","ADD_TO_SITEMAP"
"4b1bcc08-50ac-48e6-8b77-8bb2bff26bae","animatori-copii-gruiu","https://www.kassia.ro/animatori-copii-gruiu","Animatori Petreceri Copii animatori copii gruiu - Kassia","inactive",,false,true,200,"https://www.kassia.ro/animatori-copii-gruiu/",false,false,0,"","","ADD_TO_SITEMAP"
"671a4e99-397e-459c-a0ec-066abeb1778c","animatori-copii-mogosoaia","https://www.kassia.ro/animatori-copii-mogosoaia","Animatori Petreceri Copii animatori copii mogosoaia - Kassia","inactive",,false,true,200,"https://www.kassia.ro/animatori-copii-mogosoaia/",false,false,0,"","","ADD_TO_SITEMAP"
"ec726db4-2d4b-4f2c-8a02-75ba01e87343","animatori-copii-vidra","https://www.kassia.ro/animatori-copii-vidra","Animatori Petreceri Copii animatori copii vidra - Kassia","inactive",,false,true,200,"https://www.kassia.ro/animatori-copii-vidra/",false,false,0,"","","ADD_TO_SITEMAP"
"d6e1a132-716f-45b4-af6d-933def787265","animatori-copii-pantelimon-ilfov","https://www.kassia.ro/animatori-copii-pantelimon-ilfov","Animatori Petreceri Copii animatori copii pantelimon ilfov - Kassia","inactive",,false,true,200,"https://www.kassia.ro/animatori-copii-pantelimon-ilfov/",false,false,0,"","","ADD_TO_SITEMAP"
"cb9e4a3d-1f36-4865-ae0a-fccbecb73bec","animatori-copii-balotesti","https://www.kassia.ro/animatori-copii-balotesti","Animatori Petreceri Copii animatori copii balotesti - Kassia","inactive",,false,true,200,"https://www.kassia.ro/animatori-copii-balotesti/",false,false,0,"","","ADD_TO_SITEMAP"
"11293718-ebc5-42f6-a493-6ca7f35b8a18","animatori-copii-chiajna","https://www.kassia.ro/animatori-copii-chiajna","Animatori Petreceri Copii animatori copii chiajna - Kassia","inactive",,false,true,200,"https://www.kassia.ro/animatori-copii-chiajna/",false,false,0,"","","ADD_TO_SITEMAP"
"5ce5cb3f-2b26-4738-97ce-ddd76a21e2dc","animatori-supereroi-bucuresti","https://www.kassia.ro/animatori-supereroi-bucuresti","Animatori Petreceri Copii animatori supereroi bucuresti - Kassia","inactive",,true,true,200,"https://www.kassia.ro/animatori-supereroi-bucuresti/",true,false,0,"","","IMPROVE_LIVE"
"6546e38e-a8f7-48c0-87b4-20e5e51770c0","animatori-copii-ciolpani","https://www.kassia.ro/animatori-copii-ciolpani","Animatori Petreceri Copii animatori copii ciolpani - Kassia","inactive",,false,true,200,"https://www.kassia.ro/animatori-copii-ciolpani/",false,false,0,"","","ADD_TO_SITEMAP"
"02ea2d62-fa9b-40ac-b3fe-db22a8b99cc2","animatori-copii-clinceni","https://www.kassia.ro/animatori-copii-clinceni","Animatori Petreceri Copii animatori copii clinceni - Kassia","inactive",,false,true,200,"https://www.kassia.ro/animatori-copii-clinceni/",false,false,0,"","","ADD_TO_SITEMAP"
"f176d624-cbe8-4c1d-b42b-066afc7b8375","animatori-copii-cornetu","https://www.kassia.ro/animatori-copii-cornetu","Animatori Petreceri Copii animatori copii cornetu - Kassia","inactive",,false,true,200,"https://www.kassia.ro/animatori-copii-cornetu/",false,false,0,"","","ADD_TO_SITEMAP"
"83c68284-9c41-49da-89f8-688fc648fc72","animatori-copii-domnesti","https://www.kassia.ro/animatori-copii-domnesti","Animatori Petreceri Copii animatori copii domnesti - Kassia","inactive",,false,true,200,"https://www.kassia.ro/animatori-copii-domnesti/",false,false,0,"","","ADD_TO_SITEMAP"
"a60ac9de-105a-4539-825e-d5561818cb32","animatori-copii-dragomiresti-vale","https://www.kassia.ro/animatori-copii-dragomiresti-vale","Animatori Petreceri Copii animatori copii dragomiresti vale - Kassia","inactive",,false,true,200,"https://www.kassia.ro/animatori-copii-dragomiresti-vale/",false,false,0,"","","ADD_TO_SITEMAP"
"1603753e-8d6f-41e0-8c2d-a903946f809a","animatori-copii-glina","https://www.kassia.ro/animatori-copii-glina","Animatori Petreceri Copii animatori copii glina - Kassia","inactive",,false,true,200,"https://www.kassia.ro/animatori-copii-glina/",false,false,0,"","","ADD_TO_SITEMAP"
"6ce24a6a-826f-4158-9c45-ff0a473ace89","animatori-copii-jilava","https://www.kassia.ro/animatori-copii-jilava","Animatori Petreceri Copii animatori copii jilava - Kassia","inactive",,false,true,200,"https://www.kassia.ro/animatori-copii-jilava/",false,false,0,"","","ADD_TO_SITEMAP"
"0b4b8212-82b6-41e2-9675-cf17136d4665","animatori-pirati-bucuresti","https://www.kassia.ro/animatori-pirati-bucuresti","Animatori Petreceri Copii animatori pirati bucuresti - Kassia","inactive",,false,true,200,"https://www.kassia.ro/animatori-pirati-bucuresti/",false,false,0,"","","ADD_TO_SITEMAP"
"7588d8a1-af63-476f-b5ae-8a0046ceeb5b","animatori-zane-bucuresti","https://www.kassia.ro/animatori-zane-bucuresti","Animatori Petreceri Copii animatori zane bucuresti - Kassia","inactive",,false,true,200,"https://www.kassia.ro/animatori-zane-bucuresti/",false,false,0,"","","ADD_TO_SITEMAP"
"5cba33fc-2418-445e-9da0-9e1ce0de6162","animatori-tematica-unicorn-bucuresti","https://www.kassia.ro/animatori-tematica-unicorn-bucuresti","Animatori tematică unicorn București | Petreceri copii | Kassia","inactive",,true,true,200,"https://www.kassia.ro/animatori-tematica-unicorn-bucuresti/",true,false,0,"","","IMPROVE_LIVE"
"e463e74f-5008-4a32-8541-5d25045990f9","animatori-copii-voluntari","https://www.kassia.ro/animatori-copii-voluntari","Animatori Petreceri Copii animatori copii voluntari - Kassia","inactive",,false,false,404,"https://www.kassia.ro/404/",false,false,0,"","","DO_NOT_TOUCH"
"28d7ab75-8feb-4261-954b-ae2e06051f22","animatori-tematica-jungla-bucuresti","https://www.kassia.ro/animatori-tematica-jungla-bucuresti","Animatori tematică junglă București | Petreceri copii | Kassia","inactive",,true,true,200,"https://www.kassia.ro/animatori-tematica-jungla-bucuresti/",true,false,0,"","","IMPROVE_LIVE"
"81ed00cf-47df-482e-9164-60464a81e2fd","animatori-tematica-disco-bucuresti","https://www.kassia.ro/animatori-tematica-disco-bucuresti","Animatori Petreceri Copii animatori tematica disco bucuresti - Kassia","inactive",,true,true,200,"https://www.kassia.ro/animatori-tematica-disco-bucuresti/",true,false,0,"","","IMPROVE_LIVE"
"a5cd680a-02cb-4314-a559-78e56cf67286","animatori-tematica-aventura-bucuresti","https://www.kassia.ro/animatori-tematica-aventura-bucuresti","Animatori Petreceri Copii animatori tematica aventura bucuresti - Kassia","inactive",,true,true,200,"https://www.kassia.ro/animatori-tematica-aventura-bucuresti/",true,false,0,"","","IMPROVE_LIVE"
"db57a288-0ddf-4082-b3c5-494b905ddc6e","idei-petrecere-copii-ilfov","https://www.kassia.ro/idei-petrecere-copii-ilfov","Animatori Petreceri Copii blog/idei petrecere copii ilfov - Kassia","inactive",,false,false,404,"https://www.kassia.ro/404/",false,false,0,"","","DO_NOT_TOUCH"
"a283ca6f-0d2d-4711-8fbc-49325e7061f5","checklist-petrecere-copii","https://www.kassia.ro/checklist-petrecere-copii","Animatori Petreceri Copii blog/checklist petrecere copii - Kassia","inactive",,false,false,404,"https://www.kassia.ro/404/",false,false,0,"","","DO_NOT_TOUCH"
"02cb5901-8346-4a05-9529-37234723a0ba","idei-petrecere-copii-iarna","https://www.kassia.ro/idei-petrecere-copii-iarna","Animatori Petreceri Copii blog/idei petrecere copii iarna - Kassia","inactive",,false,false,404,"https://www.kassia.ro/404/",false,false,0,"","","DO_NOT_TOUCH"
"3c747970-f277-46fb-a34f-7589eb4e34a4","cand-rezervi-animator-pentru-petrecere","https://www.kassia.ro/cand-rezervi-animator-pentru-petrecere","Animatori Petreceri Copii blog/cand rezervi animator pentru petrecere - Kassia","inactive",,false,false,404,"https://www.kassia.ro/404/",false,false,0,"","","DO_NOT_TOUCH"
"913b9315-8cd9-4f4a-884a-124ee210bfdd","animatori-copii-la-sala-evenimente-bucuresti","https://www.kassia.ro/animatori-copii-la-sala-evenimente-bucuresti","Animatori Petreceri Copii animatori copii la sala evenimente bucuresti - Kassia","inactive",,false,true,200,"https://www.kassia.ro/animatori-copii-la-sala-evenimente-bucuresti/",false,false,0,"","","ADD_TO_SITEMAP"
"5db0f1e1-9216-405a-bea7-763351bdc547","animatori-tematica-dinozauri-bucuresti","https://www.kassia.ro/animatori-tematica-dinozauri-bucuresti","Animatori tematică dinozauri București | Petreceri copii | Kassia","inactive",,true,true,200,"https://www.kassia.ro/animatori-tematica-dinozauri-bucuresti/",true,false,0,"","","IMPROVE_LIVE"
"b7038460-b34d-4b2d-ba76-d448a6e8fd84","animatori-copii-la-restaurant-bucuresti","https://www.kassia.ro/animatori-copii-la-restaurant-bucuresti","Animatori copii la restaurant București | Petreceri | Kassia","inactive",,true,true,200,"https://www.kassia.ro/animatori-copii-la-restaurant-bucuresti/",true,false,0,"","","IMPROVE_LIVE"
"1ebe6122-2c3b-4126-beb0-a29bc46d7d77","animatori-tematica-safari-bucuresti","https://www.kassia.ro/animatori-tematica-safari-bucuresti","Animatori Petreceri Copii animatori tematica safari bucuresti - Kassia","inactive",,true,true,200,"https://www.kassia.ro/animatori-tematica-safari-bucuresti/",true,false,0,"","","IMPROVE_LIVE"
"9534f098-4c6c-4075-8d69-4aaae382df34","animatori-tematica-povesti-bucuresti","https://www.kassia.ro/animatori-tematica-povesti-bucuresti","Animatori Petreceri Copii animatori tematica povesti bucuresti - Kassia","inactive",,true,true,200,"https://www.kassia.ro/animatori-tematica-povesti-bucuresti/",true,false,0,"","","IMPROVE_LIVE"
"5ecd66ef-73fe-4dc8-97fa-67294cd0abfb","animatori-tematica-basm-bucuresti","https://www.kassia.ro/animatori-tematica-basm-bucuresti","Animatori Petreceri Copii animatori tematica basm bucuresti - Kassia","inactive",,true,true,200,"https://www.kassia.ro/animatori-tematica-basm-bucuresti/",true,false,0,"","","IMPROVE_LIVE"
"5a00a156-23d7-4003-a378-bf5a60c92c46","animatori-copii-la-curte-bucuresti","https://www.kassia.ro/animatori-copii-la-curte-bucuresti","Animatori Petreceri Copii animatori copii la curte bucuresti - Kassia","inactive",,false,true,200,"https://www.kassia.ro/animatori-copii-la-curte-bucuresti/",false,false,0,"","","ADD_TO_SITEMAP"
"0acd0a9f-f7ed-4e42-b087-d27602718271","animatori-copii-la-terasa-bucuresti","https://www.kassia.ro/animatori-copii-la-terasa-bucuresti","Animatori Petreceri Copii animatori copii la terasa bucuresti - Kassia","inactive",,false,true,200,"https://www.kassia.ro/animatori-copii-la-terasa-bucuresti/",false,false,0,"","","ADD_TO_SITEMAP"
"4f0fd25f-647c-4013-a504-4dc71658529d","animatori-tematica-spatiu-bucuresti","https://www.kassia.ro/animatori-tematica-spatiu-bucuresti","Animatori tematică spațiu București | Petreceri copii | Kassia","inactive",,true,true,200,"https://www.kassia.ro/animatori-tematica-spatiu-bucuresti/",true,false,0,"","","IMPROVE_LIVE"
"109794b8-9f76-4a9d-9397-ad33feeaf83a","animatori-tematica-circ-bucuresti","https://www.kassia.ro/animatori-tematica-circ-bucuresti","Animatori Petreceri Copii animatori tematica circ bucuresti - Kassia","inactive",,true,true,200,"https://www.kassia.ro/animatori-tematica-circ-bucuresti/",true,false,0,"","","IMPROVE_LIVE"
"90130d1b-298c-4e6b-9547-45b2b0e3383d","animatori-tematica-curcubeu-bucuresti","https://www.kassia.ro/animatori-tematica-curcubeu-bucuresti","Animatori Petreceri Copii animatori tematica curcubeu bucuresti - Kassia","inactive",,true,true,200,"https://www.kassia.ro/animatori-tematica-curcubeu-bucuresti/",true,false,0,"","","IMPROVE_LIVE"
"bf06a298-183a-44c8-9574-81bffef737a3","animatori-tematica-petrecere-baieti-bucuresti","https://www.kassia.ro/animatori-tematica-petrecere-baieti-bucuresti","Animatori Petreceri Copii animatori tematica petrecere baieti bucuresti - Kassia","inactive",,true,true,200,"https://www.kassia.ro/animatori-tematica-petrecere-baieti-bucuresti/",true,false,0,"","","IMPROVE_LIVE"
"116958ef-d408-4efd-891a-acedb8dc4538","idei-petrecere-copii-gradinita","https://www.kassia.ro/idei-petrecere-copii-gradinita","Animatori Petreceri Copii blog/idei petrecere copii gradinita - Kassia","inactive",,false,false,404,"https://www.kassia.ro/404/",false,false,0,"","","DO_NOT_TOUCH"
"4b1a621a-5711-4ddd-b77b-8785764942e3","petrecere-copii-la-1-an-idei","https://www.kassia.ro/petrecere-copii-la-1-an-idei","Animatori Petreceri Copii blog/petrecere copii la 1 an idei - Kassia","inactive",,false,false,404,"https://www.kassia.ro/404/",false,false,0,"","","DO_NOT_TOUCH"
"269e76a0-87c7-4213-8bee-d71fddcee604","petrecere-copii-la-8-ani-idei","https://www.kassia.ro/petrecere-copii-la-8-ani-idei","Animatori Petreceri Copii blog/petrecere copii la 8 ani idei - Kassia","inactive",,false,false,404,"https://www.kassia.ro/404/",false,false,0,"","","DO_NOT_TOUCH"
"54731555-b5a3-4e1b-87fe-7cc74cbbb983","petrecere-copii-cu-printese","https://www.kassia.ro/petrecere-copii-cu-printese","Animatori Petreceri Copii blog/petrecere copii cu printese - Kassia","inactive",,false,false,404,"https://www.kassia.ro/404/",false,false,0,"","","DO_NOT_TOUCH"
"858252bb-5673-4f96-a09b-85f05f60a920","animatori-copii-acasa-bucuresti","https://www.kassia.ro/animatori-copii-acasa-bucuresti","Animatori Petreceri Copii animatori copii acasa bucuresti - Kassia","inactive",,false,true,200,"https://www.kassia.ro/animatori-copii-acasa-bucuresti/",false,false,0,"","","ADD_TO_SITEMAP"
"efaf2d0c-a52a-4809-94bc-d9df2d5aa7dd","animatori-tematica-fotbal-bucuresti","https://www.kassia.ro/animatori-tematica-fotbal-bucuresti","Animatori Petreceri Copii animatori tematica fotbal bucuresti - Kassia","inactive",,true,true,200,"https://www.kassia.ro/animatori-tematica-fotbal-bucuresti/",true,false,0,"","","IMPROVE_LIVE"
"50e7b2ed-3e91-4893-9e93-aa7f89251043","animatori-tematica-animale-bucuresti","https://www.kassia.ro/animatori-tematica-animale-bucuresti","Animatori Petreceri Copii animatori tematica animale bucuresti - Kassia","inactive",,true,true,200,"https://www.kassia.ro/animatori-tematica-animale-bucuresti/",true,false,0,"","","IMPROVE_LIVE"
"6afb41fd-1b8b-45ef-a4f7-4e5f13cf9cc3","animatori-tematica-cavaleri-bucuresti","https://www.kassia.ro/animatori-tematica-cavaleri-bucuresti","Animatori Petreceri Copii animatori tematica cavaleri bucuresti - Kassia","inactive",,true,true,200,"https://www.kassia.ro/animatori-tematica-cavaleri-bucuresti/",true,false,0,"","","IMPROVE_LIVE"
"db15c3d4-342b-4d66-8591-7822363f74f5","animatori-tematica-petrecere-fete-bucuresti","https://www.kassia.ro/animatori-tematica-petrecere-fete-bucuresti","Animatori Petreceri Copii animatori tematica petrecere fete bucuresti - Kassia","inactive",,true,true,200,"https://www.kassia.ro/animatori-tematica-petrecere-fete-bucuresti/",true,false,0,"","","IMPROVE_LIVE"
"ac95820f-e7a2-4734-90e8-87a45f8a7d06","animatori-tematica-detectivi-bucuresti","https://www.kassia.ro/animatori-tematica-detectivi-bucuresti","Animatori Petreceri Copii animatori tematica detectivi bucuresti - Kassia","inactive",,true,true,200,"https://www.kassia.ro/animatori-tematica-detectivi-bucuresti/",true,false,0,"","","IMPROVE_LIVE"
"0b78ef17-b1b7-4705-b580-bb0fe77f84b1","cum-alegi-animator-petrecere-copii","https://www.kassia.ro/cum-alegi-animator-petrecere-copii","Animatori Petreceri Copii blog/cum alegi animator petrecere copii - Kassia","inactive",,false,false,404,"https://www.kassia.ro/404/",false,false,0,"","","DO_NOT_TOUCH"
"3cccb639-18bd-49e0-826c-00dce98e6f7e","idei-petrecere-copii-acasa","https://www.kassia.ro/idei-petrecere-copii-acasa","Animatori Petreceri Copii blog/idei petrecere copii acasa - Kassia","inactive",,false,false,404,"https://www.kassia.ro/404/",false,false,0,"","","DO_NOT_TOUCH"
"a005e26b-3f30-417e-8233-fce1f71eb393","animatori-copii-in-aer-liber-bucuresti","https://www.kassia.ro/animatori-copii-in-aer-liber-bucuresti","Animatori Petreceri Copii animatori copii in aer liber bucuresti - Kassia","inactive",,false,true,200,"https://www.kassia.ro/animatori-copii-in-aer-liber-bucuresti/",false,false,0,"","","ADD_TO_SITEMAP"
"7cd39930-c919-427f-a478-7b8c436c0081","animatori-copii-la-loc-de-joaca-bucuresti","https://www.kassia.ro/animatori-copii-la-loc-de-joaca-bucuresti","Animatori Petreceri Copii animatori copii la loc de joaca bucuresti - Kassia","inactive",,false,true,200,"https://www.kassia.ro/animatori-copii-la-loc-de-joaca-bucuresti/",false,false,0,"","","ADD_TO_SITEMAP"
"df529d6a-740f-4f6f-9c83-346349dda129","animatori-copii-la-evenimente-private-bucuresti","https://www.kassia.ro/animatori-copii-la-evenimente-private-bucuresti","Animatori Petreceri Copii animatori copii la evenimente private bucuresti - Kassia","inactive",,false,true,200,"https://www.kassia.ro/animatori-petreceri-copii/",true,false,0,"","","ADD_TO_SITEMAP"
"27f6aeef-31f1-4415-a064-1fcb4fef8d30","petrecere-copii-la-2-ani-idei","https://www.kassia.ro/petrecere-copii-la-2-ani-idei","Animatori Petreceri Copii blog/petrecere copii la 2 ani idei - Kassia","inactive",,false,false,404,"https://www.kassia.ro/404/",false,false,0,"","","DO_NOT_TOUCH"
"86c1a84b-d5d9-45ac-afcc-f5092f4097a6","petrecere-copii-la-6-ani-idei","https://www.kassia.ro/petrecere-copii-la-6-ani-idei","Animatori Petreceri Copii blog/petrecere copii la 6 ani idei - Kassia","inactive",,false,false,404,"https://www.kassia.ro/404/",false,false,0,"","","DO_NOT_TOUCH"
"5ee490bf-d6c8-4f6a-8654-ef5d55308acb","idei-petrecere-copii-bucuresti","https://www.kassia.ro/idei-petrecere-copii-bucuresti","Animatori Petreceri Copii blog/idei petrecere copii bucuresti - Kassia","inactive",,false,false,404,"https://www.kassia.ro/404/",false,false,0,"","","DO_NOT_TOUCH"
"1e59573f-cdf9-4741-8b18-42dfde39527d","pictura-pe-fata-la-petreceri-copii","https://www.kassia.ro/pictura-pe-fata-la-petreceri-copii","Animatori Petreceri Copii blog/pictura pe fata la petreceri copii - Kassia","inactive",,false,false,404,"https://www.kassia.ro/404/",false,false,0,"","","DO_NOT_TOUCH"
"26f32770-9989-4a35-a186-3e8b6d4569a7","activitati-pentru-petreceri-copii","https://www.kassia.ro/activitati-pentru-petreceri-copii","Animatori Petreceri Copii blog/activitati pentru petreceri copii - Kassia","inactive",,false,false,404,"https://www.kassia.ro/404/",false,false,0,"","","DO_NOT_TOUCH"
"62a0f735-13b9-458b-9590-cf157f4240c6","teme-petrecere-copii-baieti","https://www.kassia.ro/teme-petrecere-copii-baieti","Animatori Petreceri Copii blog/teme petrecere copii baieti - Kassia","inactive",,false,false,404,"https://www.kassia.ro/404/",false,false,0,"","","DO_NOT_TOUCH"
"990ae91d-ad75-4e41-b05f-4f6e084adca6","petrecere-copii-cu-supereroi","https://www.kassia.ro/petrecere-copii-cu-supereroi","Animatori Petreceri Copii blog/petrecere copii cu supereroi - Kassia","inactive",,false,false,404,"https://www.kassia.ro/404/",false,false,0,"","","DO_NOT_TOUCH"
"23b75f0d-b61a-414f-a1af-53810e3a515e","modelaj-baloane-pentru-copii","https://www.kassia.ro/modelaj-baloane-pentru-copii","Animatori Petreceri Copii blog/modelaj baloane pentru copii - Kassia","inactive",,false,false,404,"https://www.kassia.ro/404/",false,false,0,"","","DO_NOT_TOUCH"
"d54de85f-f7db-4712-ab86-532254f23ab9","ce-include-un-pachet-cu-animatori-copii","https://www.kassia.ro/ce-include-un-pachet-cu-animatori-copii","Animatori Petreceri Copii blog/ce include un pachet cu animatori copii - Kassia","inactive",,false,false,404,"https://www.kassia.ro/404/",false,false,0,"","","DO_NOT_TOUCH"
"dbb57973-f471-4b0c-89e0-4a2c9326bef3","animatori-pentru-botez-ce-activitati-alegi","https://www.kassia.ro/animatori-pentru-botez-ce-activitati-alegi","Animatori Petreceri Copii blog/animatori pentru botez ce activitati alegi - Kassia","inactive",,false,false,404,"https://www.kassia.ro/404/",false,false,0,"","","DO_NOT_TOUCH"
"f5c31fb1-1059-40ff-8694-f748f426bd7d","animatori-copii-acasa-sau-la-restaurant","https://www.kassia.ro/animatori-copii-acasa-sau-la-restaurant","Animatori Petreceri Copii blog/animatori copii acasa sau la restaurant - Kassia","inactive",,false,false,404,"https://www.kassia.ro/404/",false,false,0,"","","DO_NOT_TOUCH"
"71181f03-22dc-4043-9de3-ad5f76ae3784","greseli-de-evitat-la-petreceri-copii","https://www.kassia.ro/greseli-de-evitat-la-petreceri-copii","Animatori Petreceri Copii blog/greseli de evitat la petreceri copii - Kassia","inactive",,false,false,404,"https://www.kassia.ro/404/",false,false,0,"","","DO_NOT_TOUCH"
"1640474f-b464-4061-8ad8-55dbc48cf272","teme-petrecere-copii-fete","https://www.kassia.ro/teme-petrecere-copii-fete","Animatori Petreceri Copii blog/teme petrecere copii fete - Kassia","inactive",,false,false,404,"https://www.kassia.ro/404/",false,false,0,"","","DO_NOT_TOUCH"
"4df21c0e-4db7-412d-99cc-e34485290704","petrecere-copii-la-5-ani-idei","https://www.kassia.ro/petrecere-copii-la-5-ani-idei","Animatori Petreceri Copii blog/petrecere copii la 5 ani idei - Kassia","inactive",,false,false,404,"https://www.kassia.ro/404/",false,false,0,"","","DO_NOT_TOUCH"
"008ed91e-1955-410f-a34b-6bc90d58c3b3","cate-ore-trebuie-sa-stea-un-animator-la-petrecere","https://www.kassia.ro/cate-ore-trebuie-sa-stea-un-animator-la-petrecere","Animatori Petreceri Copii blog/cate ore trebuie sa stea un animator la petrecere - Kassia","inactive",,false,false,404,"https://www.kassia.ro/404/",false,false,0,"","","DO_NOT_TOUCH"
"11cde916-e654-4614-ae8f-6267c13131ad","idei-petrecere-copii-vara","https://www.kassia.ro/idei-petrecere-copii-vara","Animatori Petreceri Copii blog/idei petrecere copii vara - Kassia","inactive",,false,false,404,"https://www.kassia.ro/404/",false,false,0,"","","DO_NOT_TOUCH"
"124c30cb-fdb8-41e6-b228-f90d1179d5e6","activitati-pentru-copii-de-3-ani","https://www.kassia.ro/activitati-pentru-copii-de-3-ani","Animatori Petreceri Copii blog/activitati pentru copii de 3 ani - Kassia","inactive",,false,false,404,"https://www.kassia.ro/404/",false,false,0,"","","DO_NOT_TOUCH"
"3ee07e06-15a8-4b07-b500-226eeb3d22b8","activitati-pentru-copii-de-5-ani","https://www.kassia.ro/activitati-pentru-copii-de-5-ani","Animatori Petreceri Copii blog/activitati pentru copii de 5 ani - Kassia","inactive",,false,false,404,"https://www.kassia.ro/404/",false,false,0,"","","DO_NOT_TOUCH"
"e3d23a4b-c1a7-4c92-b4ff-5716df63309a","animatori-petreceri-copii-sector-3","https://www.kassia.ro/animatori-petreceri-copii-sector-3","Animatori pentru petreceri de copii în Sector 3 | Kassia","inactive",,true,true,200,"https://www.kassia.ro/animatori-petreceri-copii-sector-3/",true,true,5,"","","KEEP_LIVE"
"f1e7d23a-c1a7-4c92-b4ff-5716df63309a","animatori-petreceri-copii-sector-2","https://www.kassia.ro/animatori-petreceri-copii-sector-2","Animatori pentru petreceri de copii în Sector 2 | Kassia","inactive",,true,true,200,"https://www.kassia.ro/animatori-petreceri-copii-sector-2/",true,true,6,"","","KEEP_LIVE"
"2f7a01d4-839f-4375-8022-de54ad9fa404","animatori-petreceri-copii-sector-4","https://www.kassia.ro/animatori-petreceri-copii-sector-4","Animatori pentru petreceri de copii în Sector 4 | Kassia","inactive",,true,true,200,"https://www.kassia.ro/animatori-petreceri-copii-sector-4/",true,true,7,"","","KEEP_LIVE"
"6b8b02e6-951f-4587-9144-de76ae0fa606","animatori-petreceri-copii-sector-6","https://www.kassia.ro/animatori-petreceri-copii-sector-6","Animatori copii Sector 6 | Drumul Taberei și Militari","inactive",,true,true,200,"https://www.kassia.ro/animatori-petreceri-copii-sector-6/",true,true,5,"","","KEEP_LIVE"
"5f8a01d5-840f-4476-8033-de65ad9fa505","animatori-petreceri-copii-sector-5","https://www.kassia.ro/animatori-petreceri-copii-sector-5","Animatori pentru petreceri de copii în Sector 5 | Kassia","inactive",,true,true,200,"https://www.kassia.ro/animatori-petreceri-copii-sector-5/",true,true,5,"","","KEEP_LIVE"
"2a8ad2c6-9e86-4510-8d97-9ad3d6aaec1a","oferta-animatori-petreceri-copii-bucuresti","https://www.kassia.ro/oferta-animatori-petreceri-copii-bucuresti","Oferta Animatori Petreceri Copii Bucuresti si Ilfov | Kassia","inactive",,false,true,200,"https://www.kassia.ro/preturi-animatori-copii-bucuresti/",true,false,0,"","","ADD_TO_SITEMAP"
"8f12a3d4-b56f-4776-9055-de75ad9fa606","animatori-petreceri-copii-herastrau","https://www.kassia.ro/animatori-petreceri-copii-herastrau","Animatori pentru petreceri de copii în Herăstrău | Kassia","inactive",,true,true,200,"https://www.kassia.ro/animatori-petreceri-copii-herastrau/",true,false,0,"","","IMPROVE_LIVE"
"3eb2c5d4-4a6f-4993-8755-de75ac9fa606","animatori-petreceri-copii-floreasca","https://www.kassia.ro/animatori-petreceri-copii-floreasca","Animatori pentru petreceri de copii în Floreasca | Kassia","inactive",,false,true,200,"https://www.kassia.ro/animatori-petreceri-copii-floreasca/",false,false,0,"","","ADD_TO_SITEMAP"
"dec4f184-7987-4baf-9f5f-81799757f4ab","animatori-cu-mascote-petreceri-copii-bucuresti","https://www.kassia.ro/animatori-cu-mascote-petreceri-copii-bucuresti","Animatori cu Mascote Petreceri Copii Bucuresti si Ilfov | Kassia","inactive",,false,true,200,"https://www.kassia.ro/mascote-petreceri-copii-bucuresti/",true,true,1617,"","","ADD_TO_SITEMAP"
"225350b6-f104-4d7b-99c1-d2159d33d7df","animatori-tematici-petreceri-copii-bucuresti","https://www.kassia.ro/animatori-tematici-petreceri-copii-bucuresti","Animatori Tematici pentru Petreceri Copii Bucuresti si Ilfov | Kassia","inactive",,false,true,200,"https://www.kassia.ro/animatori-petreceri-copii/",true,false,0,"","","ADD_TO_SITEMAP"
"33f0d4ca-9c60-4b2a-8fc5-c5cf7eb904f4","animatori-petreceri-copii-sector-1","https://www.kassia.ro/animatori-petreceri-copii-sector-1","Animatori pentru petreceri de copii în Sector 1 | Kassia Events","inactive",,true,true,200,"https://www.kassia.ro/animatori-petreceri-copii-sector-1/",true,true,5,"","","KEEP_LIVE"
"3a754972-74d7-4632-9dfa-2aa9be7682db","animatori-petreceri-copii","https://www.kassia.ro/animatori-petreceri-copii","Animatori pentru petreceri de copii în București și Ilfov","inactive",,true,true,200,"https://www.kassia.ro/animatori-petreceri-copii/",true,true,1644,"","","KEEP_LIVE"
"422d8d84-d9dc-4108-9530-a447497dee9f","petrecere-copii-la-3-ani-idei","https://www.kassia.ro/petrecere-copii-la-3-ani-idei","Animatori Petreceri Copii blog/petrecere copii la 3 ani idei - Kassia","inactive",,false,false,404,"https://www.kassia.ro/404/",false,false,0,"","","DO_NOT_TOUCH"
"51d9cafe-5245-4631-9156-5a7ea32edfe5","petrecere-copii-la-4-ani-idei","https://www.kassia.ro/petrecere-copii-la-4-ani-idei","Animatori Petreceri Copii blog/petrecere copii la 4 ani idei - Kassia","inactive",,false,false,404,"https://www.kassia.ro/404/",false,false,0,"","","DO_NOT_TOUCH"
"c866836b-877d-4454-85a6-cd3964ed8a11","petrecere-copii-la-7-ani-idei","https://www.kassia.ro/petrecere-copii-la-7-ani-idei","Animatori Petreceri Copii blog/petrecere copii la 7 ani idei - Kassia","inactive",,false,false,404,"https://www.kassia.ro/404/",false,false,0,"","","DO_NOT_TOUCH"
"c66a99a1-f7af-4181-b833-201832eab005","cum-organizezi-o-petrecere-copii-reusita","https://www.kassia.ro/cum-organizezi-o-petrecere-copii-reusita","Animatori Petreceri Copii blog/cum organizezi o petrecere copii reusita - Kassia","inactive",,false,false,404,"https://www.kassia.ro/404/",false,false,0,"","","DO_NOT_TOUCH"
"2dcb741f-55b8-4072-b60b-f05ac82eb631","petrecere-copii-cu-animatori-si-mascote","https://www.kassia.ro/petrecere-copii-cu-animatori-si-mascote","Animatori Petreceri Copii blog/petrecere copii cu animatori si mascote - Kassia","inactive",,false,false,404,"https://www.kassia.ro/404/",false,false,0,"","","DO_NOT_TOUCH"
"96f6f936-61a5-4564-a8e3-c9b5a46c3952","petrecere-copii-cu-personaje","https://www.kassia.ro/petrecere-copii-cu-personaje","Animatori Petreceri Copii blog/petrecere copii cu personaje - Kassia","inactive",,false,false,404,"https://www.kassia.ro/404/",false,false,0,"","","DO_NOT_TOUCH"
"f8853f33-fa4e-40b5-a591-856daf7a617a","cat-costa-un-animator-pentru-petrecere-copii","https://www.kassia.ro/cat-costa-un-animator-pentru-petrecere-copii","Animatori Petreceri Copii blog/cat costa un animator pentru petrecere copii - Kassia","inactive",,false,false,404,"https://www.kassia.ro/404/",false,false,0,"","","DO_NOT_TOUCH"
"7e763b19-4b55-4df2-b630-44345c8e940a","animator-sau-mascota-petrecere-copii","https://www.kassia.ro/animator-sau-mascota-petrecere-copii","Animatori Petreceri Copii blog/animator sau mascota petrecere copii - Kassia","inactive",,false,false,404,"https://www.kassia.ro/404/",false,false,0,"","","DO_NOT_TOUCH"
"b7c78df7-4110-4271-97ad-18f0db5b81c9","cum-pregatesti-copilul-pentru-petrecere","https://www.kassia.ro/cum-pregatesti-copilul-pentru-petrecere","Animatori Petreceri Copii blog/cum pregatesti copilul pentru petrecere - Kassia","inactive",,false,false,404,"https://www.kassia.ro/404/",false,false,0,"","","DO_NOT_TOUCH"
"1dfd01f4-bfb9-4406-85b3-1bc3699ce456","cum-alegi-tematica-petrecerii-copilului","https://www.kassia.ro/cum-alegi-tematica-petrecerii-copilului","Animatori Petreceri Copii blog/cum alegi tematica petrecerii copilului - Kassia","inactive",,false,false,404,"https://www.kassia.ro/404/",false,false,0,"","","DO_NOT_TOUCH"
"e94d049b-4f33-4fe0-9236-c539119d978a","activitati-pentru-copii-de-7-ani","https://www.kassia.ro/activitati-pentru-copii-de-7-ani","Animatori Petreceri Copii blog/activitati pentru copii de 7 ani - Kassia","inactive",,false,false,404,"https://www.kassia.ro/404/",false,false,0,"","","DO_NOT_TOUCH"
"dac8cad4-2825-49ea-811b-09ea3abeb0de","ce-jocuri-fac-animatorii-la-petreceri-copii","https://www.kassia.ro/ce-jocuri-fac-animatorii-la-petreceri-copii","Animatori Petreceri Copii blog/ce jocuri fac animatorii la petreceri copii - Kassia","inactive",,false,false,404,"https://www.kassia.ro/404/",false,false,0,"","","DO_NOT_TOUCH"
"da6dcca4-d4bb-480a-8619-1b1aff5415f4","petrecere-copii-in-bucuresti-ghid","https://www.kassia.ro/petrecere-copii-in-bucuresti-ghid","Animatori Petreceri Copii blog/petrecere copii in bucuresti ghid - Kassia","inactive",,false,false,404,"https://www.kassia.ro/404/",false,false,0,"","","DO_NOT_TOUCH"
"afdf58e5-f73e-449c-9c7d-38c18ea90266","petrecere-copii-in-ilfov-ghid","https://www.kassia.ro/petrecere-copii-in-ilfov-ghid","Animatori Petreceri Copii blog/petrecere copii in ilfov ghid - Kassia","inactive",,false,false,404,"https://www.kassia.ro/404/",false,false,0,"","","DO_NOT_TOUCH"
"a85fe658-9c3d-4caf-ac79-a5522828c932","baloane-heliu-majorat-bucuresti","https://www.kassia.ro/baloane-heliu-majorat-bucuresti","Baloane cu Heliu Majorat București și Ilfov | Kassia Events","inactive",,true,true,200,"https://www.kassia.ro/baloane-heliu-majorat-bucuresti/",true,true,4,"","","KEEP_LIVE"
"e6cb0cf9-caa4-4424-b1b7-9f2412acbed5","personaje-animatori-copii-bucuresti","https://www.kassia.ro/personaje-animatori-copii-bucuresti","Personaje animatori copii București și Ilfov | Peste 300 personaje Kassia","inactive",,true,true,200,"https://www.kassia.ro/personaje-animatori-copii-bucuresti/",true,true,25,"","","KEEP_LIVE"
"1124cd35-2c52-4b22-b2ce-d2ef6c7f3dfc","animatori-copii-1-decembrie","https://www.kassia.ro/animatori-copii-1-decembrie","Animatori Petreceri Copii animatori copii 1 decembrie - Kassia","inactive",,false,true,200,"https://www.kassia.ro/animatori-copii-1-decembrie/",false,false,0,"","","ADD_TO_SITEMAP"
"49cf0ab3-2299-4d4f-8230-9f2ef0903813","preturi-animatori-copii-bucuresti","https://www.kassia.ro/preturi-animatori-copii-bucuresti","Prețuri și tarife animatori copii București | Kassia","inactive",,true,true,200,"https://www.kassia.ro/preturi-animatori-copii-bucuresti/",true,true,132,"","","KEEP_LIVE"
"7bd530f1-2f5b-4c2a-b591-aae69f2ab473","animatori-petreceri-copii-popesti-leordeni","https://www.kassia.ro/animatori-petreceri-copii-popesti-leordeni","Animatori petreceri copii Popești-Leordeni | Kassia Events","inactive",,true,true,200,"https://www.kassia.ro/animatori-petreceri-copii-popesti-leordeni/",true,true,5,"","","KEEP_LIVE"
"3ac893ee-a571-4c60-a340-6da788800f1b","animatori-petreceri-copii-berceni","https://www.kassia.ro/animatori-petreceri-copii-berceni","Animatori Petreceri Copii Berceni | Sector 4 și Ilfov | Kassia","inactive",,true,true,200,"https://www.kassia.ro/animatori-petreceri-copii-berceni/",true,true,5,"","","KEEP_LIVE"
"ab1e48b1-f898-4ddc-bd39-e479d5181674","animatori-petreceri-copii-voluntari","https://www.kassia.ro/animatori-petreceri-copii-voluntari","Animatori petreceri copii Voluntari și Pipera | Kassia Events","inactive",,true,true,200,"https://www.kassia.ro/animatori-petreceri-copii-voluntari/",true,true,5,"","","KEEP_LIVE"